"SITE","SURVEYID","OBS","DATE","TEMP","WINDS_0","WINDD","TRSCT","SECTION","WINDS","COMMENTS","s_dtime","e_dtime","FLAG","UNK","SOPPIP","COMPIP","MYOTI","PIP","DUNNO","PAUR","NOCTU","NOISE","test"
"Annfield","Annfield-1","MG",2014-07-22,16.5,NA,NA,1,0,1.3,"Turbine(s) spinning",2014-07-22 22:14:57,2014-07-22 22:17:35,NA,NA,NA,NA,NA,NA,NA,NA,NA,NA,2.63333333333333
"Annfield","Annfield-1","MG",2014-07-22,16.5,NA,NA,1,100,0,"Turbine(s) spinning",2014-07-22 22:17:35,2014-07-22 22:21:01,NA,NA,NA,NA,NA,NA,NA,NA,NA,NA,3.43333333333333
"Annfield","Annfield-1","MG",2014-07-22,16.5,NA,NA,1,200,0.1,"Turbine(s) spinning",2014-07-22 22:21:01,2014-07-22 22:23:00,NA,NA,NA,NA,NA,NA,NA,NA,NA,NA,1.98333333333333
"Annfield","Annfield-1","MG",2014-07-22,16.5,NA,NA,1,300,1.6,"Turbine(s) spinning",2014-07-22 22:23:00,2014-07-22 22:27:01,NA,NA,NA,NA,NA,NA,NA,NA,NA,NA,4.01666666666667
"Annfield","Annfield-1","MG",2014-07-22,16.5,NA,NA,1,400,1,"Turbine(s) spinning",2014-07-22 22:27:01,2014-07-22 22:33:49,NA,NA,NA,NA,NA,NA,NA,NA,NA,NA,6.8
"Annfield","Annfield-1","MG",2014-07-22,16.5,NA,NA,1,500,0.9,"Turbine(s) spinning",2014-07-22 22:33:49,2014-07-22 22:40:37,NA,NA,NA,NA,NA,NA,NA,NA,NA,NA,6.8
"Annfield","Annfield-1","MG",2014-07-22,16.5,NA,NA,2,0,2.8,"Turbine(s) spinning",2014-07-22 23:26:30,2014-07-22 23:29:04,NA,NA,NA,NA,NA,NA,NA,NA,NA,NA,2.56666666666667
"Annfield","Annfield-1","MG",2014-07-22,16.5,NA,NA,2,100,1.5,"Turbine(s) spinning",2014-07-22 23:29:04,2014-07-22 23:32:40,NA,NA,NA,NA,NA,NA,NA,NA,NA,NA,3.6
"Annfield","Annfield-1","MG",2014-07-22,16.5,NA,NA,2,200,1.4,"Turbine(s) spinning",2014-07-22 23:32:40,2014-07-22 23:35:34,NA,NA,NA,NA,NA,NA,NA,NA,NA,NA,2.9
"Annfield","Annfield-1","MG",2014-07-22,16.5,NA,NA,2,300,1.1,"Turbine(s) spinning",2014-07-22 23:35:34,2014-07-22 23:38:30,NA,NA,NA,NA,NA,NA,NA,NA,NA,NA,2.93333333333333
"Annfield","Annfield-1","MG",2014-07-22,16.5,NA,NA,2,400,1,"Turbine(s) spinning",2014-07-22 23:38:30,2014-07-22 23:41:50,NA,NA,NA,NA,NA,NA,NA,NA,NA,NA,3.33333333333333
"Annfield","Annfield-1","MG",2014-07-22,16.5,NA,NA,2,500,3.3,"Turbine(s) spinning",2014-07-22 23:41:50,2014-07-22 23:44:43,NA,NA,NA,NA,NA,NA,NA,NA,NA,NA,2.88333333333333
"Annfield","Annfield-1","MG",2014-07-22,16.5,NA,NA,2,600,0,"Turbine(s) spinning",2014-07-22 23:44:43,2014-07-22 23:48:19,NA,NA,NA,NA,NA,NA,NA,NA,NA,NA,3.6
"Annfield","Annfield-1","MG",2014-07-22,16.5,NA,NA,3,0,2.4,"Turbine(s) spinning",2014-07-22 22:52:45,2014-07-22 22:55:39,NA,NA,NA,NA,NA,NA,NA,NA,NA,NA,2.9
"Annfield","Annfield-1","MG",2014-07-22,16.5,NA,NA,3,100,0.8,"Turbine(s) spinning",2014-07-22 22:55:39,2014-07-22 22:59:03,NA,NA,NA,NA,NA,NA,NA,NA,NA,NA,3.4
"Annfield","Annfield-1","MG",2014-07-22,16.5,NA,NA,3,200,2.9,"Turbine(s) spinning",2014-07-22 22:59:03,2014-07-22 23:02:23,NA,NA,NA,NA,NA,NA,NA,NA,NA,NA,3.33333333333333
"Annfield","Annfield-1","MG",2014-07-22,16.5,NA,NA,3,300,0,"Turbine(s) spinning",2014-07-22 23:02:23,2014-07-22 23:05:26,NA,NA,NA,NA,NA,NA,NA,NA,NA,NA,3.05
"Annfield","Annfield-1","MG",2014-07-22,16.5,NA,NA,3,400,0.3,"Turbine(s) spinning",2014-07-22 23:05:26,2014-07-22 23:08:25,NA,NA,NA,NA,NA,NA,NA,NA,NA,NA,2.98333333333333
"Annfield","Annfield-1","MG",2014-07-22,16.5,NA,NA,3,500,1.9,"Turbine(s) spinning",2014-07-22 23:08:25,2014-07-22 23:11:42,NA,NA,NA,NA,NA,NA,NA,NA,NA,NA,3.28333333333333
"Annfield","Annfield-1","MG",2014-07-22,16.5,NA,NA,3,600,2.4,"Turbine(s) spinning",2014-07-22 23:11:42,2014-07-22 23:15:06,NA,NA,NA,NA,NA,NA,NA,NA,NA,NA,3.4
"Annfield","Annfield-1","MG",2014-07-22,16.5,NA,NA,4,0,4.3,"Turbine(s) spinning",2014-07-22 23:57:30,2014-07-23 00:00:15,NA,NA,NA,NA,NA,NA,NA,NA,NA,NA,2.75
"Annfield","Annfield-1","MG",2014-07-23,16.5,NA,NA,4,100,2.8,"Turbine(s) spinning",2014-07-23 00:00:15,2014-07-23 00:03:36,NA,NA,NA,NA,NA,NA,NA,NA,NA,NA,3.35
"Annfield","Annfield-1","MG",2014-07-23,16.5,NA,NA,4,200,3.3,"Turbine(s) spinning",2014-07-23 00:03:36,2014-07-23 00:07:27,NA,NA,NA,NA,NA,NA,NA,NA,NA,NA,3.85
"Annfield","Annfield-1","MG",2014-07-23,16.5,NA,NA,4,300,4.1,"Turbine(s) spinning",2014-07-23 00:07:27,2014-07-23 00:09:58,NA,NA,NA,NA,NA,NA,NA,NA,NA,NA,2.51666666666667
"Annfield","Annfield-1","MG",2014-07-23,16.5,NA,NA,4,400,3.9,"Turbine(s) spinning",2014-07-23 00:09:58,2014-07-23 00:12:39,NA,NA,NA,NA,NA,NA,NA,NA,NA,NA,2.68333333333333
"Annfield","Annfield-1","MG",2014-07-23,16.5,NA,NA,4,500,2.2,"Turbine(s) spinning",2014-07-23 00:12:39,2014-07-23 00:15:53,NA,NA,NA,NA,NA,NA,NA,NA,NA,NA,3.23333333333333
"Annfield","Annfield-1","MG",2014-07-23,16.5,NA,NA,4,600,2.6,"Turbine(s) spinning",2014-07-23 00:15:53,2014-07-23 00:19:01,NA,NA,NA,NA,NA,NA,NA,NA,NA,NA,3.13333333333333
"Annfield","Annfield-1","MG",2014-07-23,16.5,NA,NA,4,700,0,"Turbine(s) spinning",2014-07-23 00:19:01,2014-07-23 00:22:52,NA,NA,NA,NA,NA,NA,NA,NA,NA,NA,3.85
"Annfield","Annfield-2","MG",2014-08-27,8.5,NA,NA,2,0,0.6,"Turbine(s) spinning",2014-08-27 00:07:13,2014-08-27 00:09:59,NA,NA,NA,NA,NA,NA,NA,NA,NA,NA,2.76666666666667
"Annfield","Annfield-2","MG",2014-08-27,8.5,NA,NA,2,100,0,"Turbine(s) spinning",2014-08-27 00:09:59,2014-08-27 00:13:28,NA,NA,NA,NA,NA,NA,NA,NA,NA,NA,3.48333333333333
"Annfield","Annfield-2","MG",2014-08-27,8.5,NA,NA,2,200,0,"Turbine(s) spinning",2014-08-27 00:13:28,2014-08-27 00:15:58,NA,NA,NA,NA,NA,NA,NA,NA,NA,NA,2.5
"Annfield","Annfield-2","MG",2014-08-27,8.5,NA,NA,2,300,0,"Turbine(s) spinning",2014-08-27 00:15:58,2014-08-27 00:18:13,NA,NA,NA,NA,NA,NA,NA,NA,NA,NA,2.25
"Annfield","Annfield-2","MG",2014-08-27,8.5,NA,NA,2,400,0,"Turbine(s) spinning",2014-08-27 00:18:13,2014-08-27 00:20:38,NA,NA,NA,NA,NA,NA,NA,NA,NA,NA,2.41666666666667
"Annfield","Annfield-2","MG",2014-08-27,8.5,NA,NA,2,500,0.1,"Turbine(s) spinning",2014-08-27 00:20:38,2014-08-27 00:23:12,NA,NA,NA,NA,NA,NA,NA,NA,NA,NA,2.56666666666667
"Annfield","Annfield-2","MG",2014-08-27,8.5,NA,NA,2,600,0,"Turbine(s) spinning",2014-08-27 00:23:12,2014-08-27 00:26:41,NA,NA,NA,NA,NA,NA,NA,NA,NA,NA,3.48333333333333
"Annfield","Annfield-2","MG",2014-08-26,8.5,NA,NA,3,600,0.2,"Turbine(s) spinning",2014-08-26 23:48:56,2014-08-26 23:51:05,NA,NA,NA,NA,NA,NA,NA,NA,NA,NA,2.15
"Annfield","Annfield-2","MG",2014-08-26,8.5,NA,NA,3,500,0,"Turbine(s) spinning",2014-08-26 23:51:05,2014-08-26 23:53:41,NA,NA,NA,NA,NA,NA,NA,NA,NA,NA,2.6
"Annfield","Annfield-2","MG",2014-08-26,8.5,NA,NA,3,400,0,"Turbine(s) spinning",2014-08-26 23:53:41,2014-08-26 23:56:29,NA,NA,NA,NA,NA,NA,NA,NA,NA,NA,2.8
"Annfield","Annfield-2","MG",2014-08-26,8.5,NA,NA,3,300,0,"Turbine(s) spinning",2014-08-26 23:56:29,2014-08-26 23:59:59,NA,NA,NA,NA,NA,NA,NA,NA,NA,NA,3.5
"Annfield","Annfield-2","MG",2014-08-26,8.5,NA,NA,3,200,0,"Turbine(s) spinning",2014-08-26 23:59:59,2014-08-27 00:03:21,NA,NA,NA,NA,NA,NA,NA,NA,NA,NA,3.36666666666667
"Annfield","Annfield-2","MG",2014-08-27,8.5,NA,NA,3,100,0,"Turbine(s) spinning",2014-08-27 00:03:21,2014-08-27 00:05:51,NA,NA,NA,NA,NA,NA,NA,NA,NA,NA,2.5
"Annfield","Annfield-2","MG",2014-08-27,8.5,NA,NA,3,0,0.7,"Turbine(s) spinning",2014-08-27 00:05:51,2014-08-27 00:09:21,NA,NA,NA,NA,NA,NA,NA,NA,NA,NA,3.5
"Annfield","Annfield-2","MG",2014-08-27,8.5,NA,NA,4,0,0.1,"Turbine(s) spinning",2014-08-27 00:34:51,2014-08-27 00:37:36,NA,NA,NA,NA,NA,NA,NA,NA,NA,NA,2.75
"Annfield","Annfield-2","MG",2014-08-27,8.5,NA,NA,4,100,0,"Turbine(s) spinning",2014-08-27 00:37:36,2014-08-27 00:40:47,NA,NA,NA,NA,NA,NA,NA,NA,NA,NA,3.18333333333333
"Annfield","Annfield-2","MG",2014-08-27,8.5,NA,NA,4,200,0,"Turbine(s) spinning",2014-08-27 00:40:47,2014-08-27 00:43:13,NA,NA,NA,NA,NA,NA,NA,NA,NA,NA,2.43333333333333
"Annfield","Annfield-2","MG",2014-08-27,8.5,NA,NA,4,300,0,"Turbine(s) spinning",2014-08-27 00:43:13,2014-08-27 00:45:35,NA,NA,NA,NA,NA,NA,NA,NA,NA,NA,2.36666666666667
"Annfield","Annfield-2","MG",2014-08-27,8.5,NA,NA,4,400,0,"Turbine(s) spinning",2014-08-27 00:45:35,2014-08-27 00:47:55,NA,NA,NA,NA,NA,NA,NA,NA,NA,NA,2.33333333333333
"Annfield","Annfield-2","MG",2014-08-27,8.5,NA,NA,4,500,0,"Turbine(s) spinning",2014-08-27 00:47:55,2014-08-27 00:50:18,NA,NA,NA,NA,NA,NA,NA,NA,NA,NA,2.38333333333333
"Annfield","Annfield-2","MG",2014-08-27,8.5,NA,NA,4,600,0,"Turbine(s) spinning",2014-08-27 00:50:18,2014-08-27 00:53:12,NA,NA,NA,NA,NA,NA,NA,NA,NA,NA,2.9
"Annfield","Annfield-2","MG",2014-08-27,8.5,NA,NA,4,700,0,"Turbine(s) spinning",2014-08-27 00:53:12,2014-08-27 00:56:23,NA,NA,NA,NA,NA,NA,NA,NA,NA,NA,3.18333333333333
"Barn Owl Lodge","Barn Owl Lodge-1","MG",2014-08-04,13,NA,NA,1,0,0.3,"Turbine(s) spinning",2014-08-04 22:27:23,2014-08-04 22:30:19,NA,NA,NA,NA,NA,NA,NA,NA,NA,NA,2.93333333333333
"Barn Owl Lodge","Barn Owl Lodge-1","MG",2014-08-04,13,NA,NA,1,100,0.2,"Turbine(s) spinning",2014-08-04 22:30:19,2014-08-04 22:32:57,NA,NA,NA,NA,NA,NA,NA,NA,NA,NA,2.63333333333333
"Barn Owl Lodge","Barn Owl Lodge-1","MG",2014-08-04,13,NA,NA,1,200,0.1,"Turbine(s) spinning",2014-08-04 22:32:57,2014-08-04 22:36:17,NA,NA,NA,NA,NA,NA,NA,NA,NA,NA,3.33333333333333
"Barn Owl Lodge","Barn Owl Lodge-1","MG",2014-08-04,13,NA,NA,1,300,0.9,"Turbine(s) spinning",2014-08-04 22:36:17,2014-08-04 22:40:26,NA,NA,NA,NA,NA,NA,NA,NA,NA,NA,4.15
"Barn Owl Lodge","Barn Owl Lodge-1","MG",2014-08-04,13,NA,NA,1,400,0,"Turbine(s) spinning",2014-08-04 22:40:26,2014-08-04 22:43:55,NA,NA,NA,NA,NA,NA,NA,NA,NA,NA,3.48333333333333
"Barn Owl Lodge","Barn Owl Lodge-1","MG",2014-08-04,13,NA,NA,1,500,0,"Turbine(s) spinning",2014-08-04 22:43:55,2014-08-04 22:46:25,NA,NA,NA,NA,NA,NA,NA,NA,NA,NA,2.5
"Barn Owl Lodge","Barn Owl Lodge-1","MG",2014-08-04,13,NA,NA,1,600,0,"Turbine(s) spinning",2014-08-04 22:46:25,2014-08-04 22:50:34,NA,NA,NA,NA,NA,NA,NA,NA,NA,NA,4.15
"Barn Owl Lodge","Barn Owl Lodge-1","MG",2014-08-04,13,NA,NA,2,0,0.8,"Turbine(s) spinning",2014-08-04 21:44:11,2014-08-04 21:46:39,NA,NA,NA,NA,NA,NA,NA,NA,NA,NA,2.46666666666667
"Barn Owl Lodge","Barn Owl Lodge-1","MG",2014-08-04,13,NA,NA,2,100,0,"Turbine(s) spinning",2014-08-04 21:46:39,2014-08-04 21:49:17,NA,NA,NA,NA,NA,NA,NA,NA,NA,NA,2.63333333333333
"Barn Owl Lodge","Barn Owl Lodge-1","MG",2014-08-04,13,NA,NA,2,200,0,"Turbine(s) spinning",2014-08-04 21:49:17,2014-08-04 21:51:56,NA,NA,NA,NA,NA,NA,NA,NA,NA,NA,2.65
"Barn Owl Lodge","Barn Owl Lodge-1","MG",2014-08-04,13,NA,NA,2,300,0.6,"Turbine(s) spinning",2014-08-04 21:51:56,2014-08-04 21:54:38,NA,NA,NA,NA,NA,NA,NA,NA,NA,NA,2.7
"Barn Owl Lodge","Barn Owl Lodge-1","MG",2014-08-04,13,NA,NA,2,400,0,"Turbine(s) spinning",2014-08-04 21:54:38,2014-08-04 21:57:15,NA,NA,NA,NA,NA,NA,NA,NA,NA,NA,2.61666666666667
"Barn Owl Lodge","Barn Owl Lodge-1","MG",2014-08-04,13,NA,NA,2,500,1.9,"Turbine(s) spinning",2014-08-04 21:57:15,2014-08-04 21:59:57,NA,NA,NA,NA,NA,NA,NA,NA,NA,NA,2.7
"Barn Owl Lodge","Barn Owl Lodge-1","MG",2014-08-04,13,NA,NA,3,0,0.4,"Turbine(s) spinning",2014-08-04 22:05:03,2014-08-04 22:08:06,NA,NA,NA,NA,NA,NA,NA,NA,NA,NA,3.05
"Barn Owl Lodge","Barn Owl Lodge-1","MG",2014-08-04,13,NA,NA,3,100,0,"Turbine(s) spinning",2014-08-04 22:08:06,2014-08-04 22:10:38,NA,NA,NA,NA,NA,NA,NA,NA,NA,NA,2.53333333333333
"Barn Owl Lodge","Barn Owl Lodge-1","MG",2014-08-04,13,NA,NA,3,200,0,"Turbine(s) spinning",2014-08-04 22:10:38,2014-08-04 22:13:17,NA,NA,NA,NA,NA,NA,NA,NA,NA,NA,2.65
"Barn Owl Lodge","Barn Owl Lodge-1","MG",2014-08-04,13,NA,NA,3,300,1,"Turbine(s) spinning",2014-08-04 22:13:17,2014-08-04 22:16:18,NA,NA,NA,NA,NA,NA,NA,NA,NA,NA,3.01666666666667
"Barn Owl Lodge","Barn Owl Lodge-1","MG",2014-08-04,13,NA,NA,3,400,0,"Turbine(s) spinning",2014-08-04 22:16:18,2014-08-04 22:19:12,NA,NA,NA,NA,NA,NA,NA,NA,NA,NA,2.9
"Barn Owl Lodge","Barn Owl Lodge-1","MG",2014-08-04,13,NA,NA,3,500,0.3,"Turbine(s) spinning",2014-08-04 22:19:12,2014-08-04 22:22:15,NA,NA,NA,NA,NA,NA,NA,NA,NA,NA,3.05
"Barn Owl Lodge","Barn Owl Lodge-1","MG",2014-08-04,13,NA,NA,4,0,0.7,"Turbine(s) spinning",2014-08-04 22:54:47,2014-08-04 22:57:59,NA,NA,NA,NA,NA,NA,NA,NA,NA,NA,3.2
"Barn Owl Lodge","Barn Owl Lodge-1","MG",2014-08-04,13,NA,NA,4,100,1.4,"Turbine(s) spinning",2014-08-04 22:57:59,2014-08-04 23:00:26,NA,NA,NA,NA,NA,NA,NA,NA,NA,NA,2.45
"Barn Owl Lodge","Barn Owl Lodge-1","MG",2014-08-04,13,NA,NA,4,200,0,"Turbine(s) spinning",2014-08-04 23:00:26,2014-08-04 23:02:54,NA,NA,NA,NA,NA,NA,NA,NA,NA,NA,2.46666666666667
"Barn Owl Lodge","Barn Owl Lodge-1","MG",2014-08-04,13,NA,NA,4,300,0.9,"Turbine(s) spinning",2014-08-04 23:02:54,2014-08-04 23:05:26,NA,NA,NA,NA,NA,NA,NA,NA,NA,NA,2.53333333333333
"Barn Owl Lodge","Barn Owl Lodge-1","MG",2014-08-04,13,NA,NA,4,400,0.3,"Turbine(s) spinning",2014-08-04 23:05:26,2014-08-04 23:08:09,NA,NA,NA,NA,NA,NA,NA,NA,NA,NA,2.71666666666667
"Barn Owl Lodge","Barn Owl Lodge-1","MG",2014-08-04,13,NA,NA,4,500,1.2,"Turbine(s) spinning",2014-08-04 23:08:09,2014-08-04 23:10:51,NA,NA,NA,NA,NA,NA,NA,NA,NA,NA,2.7
"Barn Owl Lodge","Barn Owl Lodge-1","MG",2014-08-04,13,NA,NA,4,600,0.1,"Turbine(s) spinning",2014-08-04 23:10:51,2014-08-04 23:14:03,NA,NA,NA,NA,NA,NA,NA,NA,NA,NA,3.2
"Barn Owl Lodge","Barn Owl Lodge-2","MG",2014-08-27,10,NA,NA,1,0,0,"Turbine(s) not spinning",2014-08-27 20:53:16,2014-08-27 20:56:17,NA,NA,NA,NA,NA,NA,NA,NA,NA,NA,3.01666666666667
"Barn Owl Lodge","Barn Owl Lodge-2","MG",2014-08-27,10,NA,NA,1,100,1.1,"Turbine(s) not spinning",2014-08-27 20:56:17,2014-08-27 20:59:42,NA,NA,NA,NA,NA,NA,NA,NA,NA,NA,3.41666666666667
"Barn Owl Lodge","Barn Owl Lodge-2","MG",2014-08-27,10,NA,NA,1,200,0,"Turbine(s) not spinning",2014-08-27 20:59:42,2014-08-27 21:03:42,NA,NA,NA,NA,NA,NA,NA,NA,NA,NA,4
"Barn Owl Lodge","Barn Owl Lodge-2","MG",2014-08-27,10,NA,NA,1,300,0,"Turbine(s) not spinning",2014-08-27 21:03:42,2014-08-27 21:08:29,NA,NA,NA,NA,NA,NA,NA,NA,NA,NA,4.78333333333333
"Barn Owl Lodge","Barn Owl Lodge-2","MG",2014-08-27,10,NA,NA,1,400,0,"Turbine(s) not spinning",2014-08-27 21:08:29,2014-08-27 21:12:43,NA,NA,NA,NA,NA,NA,NA,NA,NA,NA,4.23333333333333
"Barn Owl Lodge","Barn Owl Lodge-2","MG",2014-08-27,10,NA,NA,1,500,0,"Turbine(s) not spinning",2014-08-27 21:12:43,2014-08-27 21:16:12,NA,NA,NA,NA,NA,NA,NA,NA,NA,NA,3.48333333333333
"Barn Owl Lodge","Barn Owl Lodge-2","MG",2014-08-27,10,NA,NA,1,600,0,"Turbine(s) not spinning",2014-08-27 21:16:12,2014-08-27 21:20:59,NA,NA,NA,NA,NA,NA,NA,NA,NA,NA,4.78333333333333
"Barn Owl Lodge","Barn Owl Lodge-2","MG",2014-08-27,10,NA,NA,2,0,0,"Turbine(s) not spinning",2014-08-27 21:33:35,2014-08-27 21:36:42,NA,NA,NA,NA,NA,NA,NA,NA,NA,NA,3.11666666666667
"Barn Owl Lodge","Barn Owl Lodge-2","MG",2014-08-27,10,NA,NA,2,100,0,"Turbine(s) not spinning",2014-08-27 21:36:42,2014-08-27 21:39:50,NA,NA,NA,NA,NA,NA,NA,NA,NA,NA,3.13333333333333
"Barn Owl Lodge","Barn Owl Lodge-2","MG",2014-08-27,10,NA,NA,2,200,0,"Turbine(s) not spinning",2014-08-27 21:39:50,2014-08-27 21:43:09,NA,NA,NA,NA,NA,NA,NA,NA,NA,NA,3.31666666666667
"Barn Owl Lodge","Barn Owl Lodge-2","MG",2014-08-27,10,NA,NA,2,300,0.3,"Turbine(s) not spinning",2014-08-27 21:43:09,2014-08-27 21:46:36,NA,NA,NA,NA,NA,NA,NA,NA,NA,NA,3.45
"Barn Owl Lodge","Barn Owl Lodge-2","MG",2014-08-27,10,NA,NA,2,400,0.7,"Turbine(s) not spinning",2014-08-27 21:46:36,2014-08-27 21:49:46,NA,NA,NA,NA,NA,NA,NA,NA,NA,NA,3.16666666666667
"Barn Owl Lodge","Barn Owl Lodge-2","MG",2014-08-27,10,NA,NA,2,500,0,"Turbine(s) not spinning",2014-08-27 21:49:46,2014-08-27 21:53:13,NA,NA,NA,NA,NA,NA,NA,NA,NA,NA,3.45
"Barn Owl Lodge","Barn Owl Lodge-2","MG",2014-08-27,10,NA,NA,3,0,0,"Turbine(s) not spinning",2014-08-27 22:01:50,2014-08-27 22:04:36,NA,NA,NA,NA,NA,NA,NA,NA,NA,NA,2.76666666666667
"Barn Owl Lodge","Barn Owl Lodge-2","MG",2014-08-27,10,NA,NA,3,100,0,"Turbine(s) not spinning",2014-08-27 22:04:36,2014-08-27 22:07:17,NA,NA,NA,NA,NA,NA,NA,NA,NA,NA,2.68333333333333
"Barn Owl Lodge","Barn Owl Lodge-2","MG",2014-08-27,10,NA,NA,3,200,0,"Turbine(s) not spinning",2014-08-27 22:07:17,2014-08-27 22:09:44,NA,NA,NA,NA,NA,NA,NA,NA,NA,NA,2.45
"Barn Owl Lodge","Barn Owl Lodge-2","MG",2014-08-27,10,NA,NA,3,300,0.3,"Turbine(s) not spinning",2014-08-27 22:09:44,2014-08-27 22:12:24,NA,NA,NA,NA,NA,NA,NA,NA,NA,NA,2.66666666666667
"Barn Owl Lodge","Barn Owl Lodge-2","MG",2014-08-27,10,NA,NA,3,400,3.5,"Turbine(s) not spinning",2014-08-27 22:12:24,2014-08-27 22:14:08,NA,NA,NA,NA,NA,NA,NA,NA,NA,NA,1.73333333333333
"Barn Owl Lodge","Barn Owl Lodge-2","MG",2014-08-27,10,NA,NA,3,500,2.4,"Turbine(s) not spinning",2014-08-27 22:14:08,2014-08-27 22:16:54,NA,NA,NA,NA,NA,NA,NA,NA,NA,NA,2.76666666666667
"Barn Owl Lodge","Barn Owl Lodge-2","MG",2014-08-27,10,NA,NA,4,0,0,"Turbine(s) spinning",2014-08-27 22:24:16,2014-08-27 22:27:19,NA,NA,NA,NA,NA,NA,NA,NA,NA,NA,3.05
"Barn Owl Lodge","Barn Owl Lodge-2","MG",2014-08-27,10,NA,NA,4,100,0.1,"Turbine(s) spinning",2014-08-27 22:27:19,2014-08-27 22:29:51,NA,NA,NA,NA,NA,NA,NA,NA,NA,NA,2.53333333333333
"Barn Owl Lodge","Barn Owl Lodge-2","MG",2014-08-27,10,NA,NA,4,200,0,"Turbine(s) spinning",2014-08-27 22:29:51,2014-08-27 22:32:56,NA,NA,NA,NA,NA,NA,NA,NA,NA,NA,3.08333333333333
"Barn Owl Lodge","Barn Owl Lodge-2","MG",2014-08-27,10,NA,NA,4,300,0,"Turbine(s) spinning",2014-08-27 22:32:56,2014-08-27 22:36:26,NA,NA,NA,NA,NA,NA,NA,NA,NA,NA,3.5
"Barn Owl Lodge","Barn Owl Lodge-2","MG",2014-08-27,10,NA,NA,4,400,0,"Turbine(s) spinning",2014-08-27 22:36:26,2014-08-27 22:39:09,NA,NA,NA,NA,NA,NA,NA,NA,NA,NA,2.71666666666667
"Barn Owl Lodge","Barn Owl Lodge-2","MG",2014-08-27,10,NA,NA,4,500,0,"Turbine(s) spinning",2014-08-27 22:39:09,2014-08-27 22:42:10,NA,NA,NA,NA,NA,NA,NA,NA,NA,NA,3.01666666666667
"Barn Owl Lodge","Barn Owl Lodge-2","MG",2014-08-27,10,NA,NA,4,600,1.3,"Turbine(s) spinning",2014-08-27 22:42:10,2014-08-27 22:45:40,NA,NA,NA,NA,NA,NA,NA,NA,NA,NA,3.5
"Bogbank","Bogbank-1","MG",2014-08-05,14.5,NA,NA,1,0,1.4,"Turbine(s) spinning",2014-08-05 21:38:47,2014-08-05 21:41:32,NA,NA,NA,NA,NA,NA,NA,NA,NA,NA,2.75
"Bogbank","Bogbank-1","MG",2014-08-05,14.5,NA,NA,1,100,0.9,"Turbine(s) spinning",2014-08-05 21:41:32,2014-08-05 21:44:53,NA,NA,NA,NA,NA,NA,NA,NA,NA,NA,3.35
"Bogbank","Bogbank-1","MG",2014-08-05,14.5,NA,NA,1,200,1.9,"Turbine(s) spinning",2014-08-05 21:44:53,2014-08-05 21:47:30,NA,NA,NA,NA,NA,NA,NA,NA,NA,NA,2.61666666666667
"Bogbank","Bogbank-1","MG",2014-08-05,14.5,NA,NA,1,300,0.7,"Turbine(s) spinning",2014-08-05 21:47:30,2014-08-05 21:50:26,NA,NA,NA,NA,NA,NA,NA,NA,NA,NA,2.93333333333333
"Bogbank","Bogbank-1","MG",2014-08-05,14.5,NA,NA,1,400,1.5,"Turbine(s) spinning",2014-08-05 21:50:26,2014-08-05 21:53:51,NA,NA,NA,NA,NA,NA,NA,NA,NA,NA,3.41666666666667
"Bogbank","Bogbank-1","MG",2014-08-05,14.5,NA,NA,1,500,0.6,"Turbine(s) spinning",2014-08-05 21:53:51,2014-08-05 21:56:47,NA,NA,NA,NA,NA,NA,NA,NA,NA,NA,2.93333333333333
"Bogbank","Bogbank-1","MG",2014-08-05,14.5,NA,NA,1,600,0.8,"Turbine(s) spinning",2014-08-05 21:56:47,2014-08-05 22:00:12,NA,NA,NA,NA,NA,NA,NA,NA,NA,NA,3.41666666666667
"Bogbank","Bogbank-1","MG",2014-08-05,14.5,NA,NA,2,0,0.8,"Turbine(s) spinning",2014-08-05 22:09:15,2014-08-05 22:11:57,NA,NA,NA,NA,NA,NA,NA,NA,NA,NA,2.7
"Bogbank","Bogbank-1","MG",2014-08-05,14.5,NA,NA,2,100,1.5,"Turbine(s) spinning",2014-08-05 22:11:57,2014-08-05 22:14:43,NA,NA,NA,NA,NA,NA,NA,NA,NA,NA,2.76666666666667
"Bogbank","Bogbank-1","MG",2014-08-05,14.5,NA,NA,2,200,2.8,"Turbine(s) spinning",2014-08-05 22:14:43,2014-08-05 22:17:30,NA,NA,NA,NA,NA,NA,NA,NA,NA,NA,2.78333333333333
"Bogbank","Bogbank-1","MG",2014-08-05,14.5,NA,NA,2,300,2.3,"Turbine(s) spinning",2014-08-05 22:17:30,2014-08-05 22:20:13,NA,NA,NA,NA,NA,NA,NA,NA,NA,NA,2.71666666666667
"Bogbank","Bogbank-1","MG",2014-08-05,14.5,NA,NA,2,400,2.8,"Turbine(s) spinning",2014-08-05 22:20:13,2014-08-05 22:22:54,NA,NA,NA,NA,NA,NA,NA,NA,NA,NA,2.68333333333333
"Bogbank","Bogbank-1","MG",2014-08-05,14.5,NA,NA,2,500,3.3,"Turbine(s) spinning",2014-08-05 22:22:54,2014-08-05 22:25:36,NA,NA,NA,NA,NA,NA,NA,NA,NA,NA,2.7
"Bogbank","Bogbank-1","MG",2014-08-05,14.5,NA,NA,2,600,1.2,"Turbine(s) spinning",2014-08-05 22:25:36,2014-08-05 22:28:38,NA,NA,NA,NA,NA,NA,NA,NA,NA,NA,3.03333333333333
"Bogbank","Bogbank-1","MG",2014-08-05,14.5,NA,NA,2,700,2.3,"Turbine(s) spinning",2014-08-05 22:28:38,2014-08-05 22:31:40,NA,NA,NA,NA,NA,NA,NA,NA,NA,NA,3.03333333333333
"Bogbank","Bogbank-1","MG",2014-08-05,14.5,NA,NA,3,0,0.5,"Turbine(s) spinning",2014-08-05 23:09:17,2014-08-05 23:11:39,NA,NA,NA,NA,NA,NA,NA,NA,NA,NA,2.36666666666667
"Bogbank","Bogbank-1","MG",2014-08-05,14.5,NA,NA,3,100,1.7,"Turbine(s) spinning",2014-08-05 23:11:39,2014-08-05 23:14:55,NA,NA,NA,NA,NA,NA,NA,NA,NA,NA,3.26666666666667
"Bogbank","Bogbank-1","MG",2014-08-05,14.5,NA,NA,3,200,1.5,"Turbine(s) spinning",2014-08-05 23:14:55,2014-08-05 23:17:32,NA,NA,NA,NA,NA,NA,NA,NA,NA,NA,2.61666666666667
"Bogbank","Bogbank-1","MG",2014-08-05,14.5,NA,NA,3,300,0.8,"Turbine(s) spinning",2014-08-05 23:17:32,2014-08-05 23:20:23,NA,NA,NA,NA,NA,NA,NA,NA,NA,NA,2.85
"Bogbank","Bogbank-1","MG",2014-08-05,14.5,NA,NA,3,400,0.4,"Turbine(s) spinning",2014-08-05 23:20:23,2014-08-05 23:23:03,NA,NA,NA,NA,NA,NA,NA,NA,NA,NA,2.66666666666667
"Bogbank","Bogbank-1","MG",2014-08-05,14.5,NA,NA,3,500,0.9,"Turbine(s) spinning",2014-08-05 23:23:03,2014-08-05 23:26:53,NA,NA,NA,NA,NA,NA,NA,NA,NA,NA,3.83333333333333
"Bogbank","Bogbank-1","MG",2014-08-05,14.5,NA,NA,3,600,0.5,"Turbine(s) spinning",2014-08-05 23:26:53,2014-08-05 23:29:32,NA,NA,NA,NA,NA,NA,NA,NA,NA,NA,2.65
"Bogbank","Bogbank-1","MG",2014-08-05,14.5,NA,NA,3,700,0,"Turbine(s) spinning",2014-08-05 23:29:32,2014-08-05 23:33:22,NA,NA,NA,NA,NA,NA,NA,NA,NA,NA,3.83333333333333
"Bogbank","Bogbank-1","MG",2014-08-05,14.5,NA,NA,4,0,2.6,"Turbine(s) spinning",2014-08-05 22:46:33,2014-08-05 22:48:56,NA,NA,NA,NA,NA,NA,NA,NA,NA,NA,2.38333333333333
"Bogbank","Bogbank-1","MG",2014-08-05,14.5,NA,NA,4,100,2.1,"Turbine(s) spinning",2014-08-05 22:48:56,2014-08-05 22:51:37,NA,NA,NA,NA,NA,NA,NA,NA,NA,NA,2.68333333333333
"Bogbank","Bogbank-1","MG",2014-08-05,14.5,NA,NA,4,200,1,"Turbine(s) spinning",2014-08-05 22:51:37,2014-08-05 22:54:16,NA,NA,NA,NA,NA,NA,NA,NA,NA,NA,2.65
"Bogbank","Bogbank-1","MG",2014-08-05,14.5,NA,NA,4,300,1.2,"Turbine(s) spinning",2014-08-05 22:54:16,2014-08-05 22:56:57,NA,NA,NA,NA,NA,NA,NA,NA,NA,NA,2.68333333333333
"Bogbank","Bogbank-1","MG",2014-08-05,14.5,NA,NA,4,400,1,"Turbine(s) spinning",2014-08-05 22:56:57,2014-08-05 22:59:50,NA,NA,NA,NA,NA,NA,NA,NA,NA,NA,2.88333333333333
"Bogbank","Bogbank-1","MG",2014-08-05,14.5,NA,NA,4,500,0,"Turbine(s) spinning",2014-08-05 22:59:50,2014-08-05 23:02:43,NA,NA,NA,NA,NA,NA,NA,NA,NA,NA,2.88333333333333
"Bogbank","Bogbank-2","MG",2014-08-31,15,NA,NA,1,0,2.4,"Turbine(s) spinning",2014-08-31 20:54:18,2014-08-31 20:56:59,NA,NA,NA,NA,NA,NA,NA,NA,NA,NA,2.68333333333333
"Bogbank","Bogbank-2","MG",2014-08-31,15,NA,NA,1,100,0.4,"Turbine(s) spinning",2014-08-31 20:56:59,2014-08-31 20:59:45,NA,NA,NA,NA,NA,NA,NA,NA,NA,NA,2.76666666666667
"Bogbank","Bogbank-2","MG",2014-08-31,15,NA,NA,1,200,1.6,"Turbine(s) spinning",2014-08-31 20:59:45,2014-08-31 21:02:09,NA,NA,NA,NA,NA,NA,NA,NA,NA,NA,2.4
"Bogbank","Bogbank-2","MG",2014-08-31,15,NA,NA,1,300,3.7,"Turbine(s) spinning",2014-08-31 21:02:09,2014-08-31 21:04:39,NA,NA,NA,NA,NA,NA,NA,NA,NA,NA,2.5
"Bogbank","Bogbank-2","MG",2014-08-31,15,NA,NA,1,400,3,"Turbine(s) spinning",2014-08-31 21:04:39,2014-08-31 21:07:10,NA,NA,NA,NA,NA,NA,NA,NA,NA,NA,2.51666666666667
"Bogbank","Bogbank-2","MG",2014-08-31,15,NA,NA,1,500,2.5,"Turbine(s) spinning",2014-08-31 21:07:10,2014-08-31 21:10:25,NA,NA,NA,NA,NA,NA,NA,NA,NA,NA,3.25
"Bogbank","Bogbank-2","MG",2014-08-31,15,NA,NA,1,600,2.3,"Turbine(s) spinning",2014-08-31 21:10:25,2014-08-31 21:13:40,NA,NA,NA,NA,NA,NA,NA,NA,NA,NA,3.25
"Bogbank","Bogbank-2","MG",2014-08-31,15,NA,NA,2,0,1.3,"Turbine(s) spinning",2014-08-31 21:18:27,2014-08-31 21:21:32,NA,NA,NA,NA,NA,NA,NA,NA,NA,NA,3.08333333333333
"Bogbank","Bogbank-2","MG",2014-08-31,15,NA,NA,2,100,1.9,"Turbine(s) spinning",2014-08-31 21:21:32,2014-08-31 21:23:54,NA,NA,NA,NA,NA,NA,NA,NA,NA,NA,2.36666666666667
"Bogbank","Bogbank-2","MG",2014-08-31,15,NA,NA,2,200,4.3,"Turbine(s) spinning",2014-08-31 21:23:54,2014-08-31 21:26:38,NA,NA,NA,NA,NA,NA,NA,NA,NA,NA,2.73333333333333
"Bogbank","Bogbank-2","MG",2014-08-31,15,NA,NA,2,300,5,"Turbine(s) spinning",2014-08-31 21:26:38,2014-08-31 21:29:14,NA,NA,NA,NA,NA,NA,NA,NA,NA,NA,2.6
"Bogbank","Bogbank-2","MG",2014-08-31,15,NA,NA,2,400,4.3,"Turbine(s) spinning",2014-08-31 21:29:14,2014-08-31 21:31:40,NA,NA,NA,NA,NA,NA,NA,NA,NA,NA,2.43333333333333
"Bogbank","Bogbank-2","MG",2014-08-31,15,NA,NA,2,500,3,"Turbine(s) spinning",2014-08-31 21:31:40,2014-08-31 21:33:53,NA,NA,NA,NA,NA,NA,NA,NA,NA,NA,2.21666666666667
"Bogbank","Bogbank-2","MG",2014-08-31,15,NA,NA,2,600,2.4,"Turbine(s) spinning",2014-08-31 21:33:53,2014-08-31 21:36:33,NA,NA,NA,NA,NA,NA,NA,NA,NA,NA,2.66666666666667
"Bogbank","Bogbank-2","MG",2014-08-31,15,NA,NA,2,700,0.8,"Turbine(s) spinning",2014-08-31 21:36:33,2014-08-31 21:39:38,NA,NA,NA,NA,NA,NA,NA,NA,NA,NA,3.08333333333333
"Bogbank","Bogbank-2","MG",2014-08-31,15,NA,NA,4,0,3.7,"Turbine(s) spinning",2014-08-31 21:45:38,2014-08-31 21:48:16,NA,NA,NA,NA,NA,NA,NA,NA,NA,NA,2.63333333333333
"Bogbank","Bogbank-2","MG",2014-08-31,15,NA,NA,4,100,3.7,"Turbine(s) spinning",2014-08-31 21:48:16,2014-08-31 21:51:17,NA,NA,NA,NA,NA,NA,NA,NA,NA,NA,3.01666666666667
"Bogbank","Bogbank-2","MG",2014-08-31,15,NA,NA,4,200,0.6,"Turbine(s) spinning",2014-08-31 21:51:17,2014-08-31 21:53:31,NA,NA,NA,NA,NA,NA,NA,NA,NA,NA,2.23333333333333
"Bogbank","Bogbank-2","MG",2014-08-31,15,NA,NA,4,300,1.9,"Turbine(s) spinning",2014-08-31 21:53:31,2014-08-31 21:56:25,NA,NA,NA,NA,NA,NA,NA,NA,NA,NA,2.9
"Bogbank","Bogbank-2","MG",2014-08-31,15,NA,NA,4,400,0.1,"Turbine(s) spinning",2014-08-31 21:56:25,2014-08-31 21:59:43,NA,NA,NA,NA,NA,NA,NA,NA,NA,NA,3.3
"Bogbank","Bogbank-2","MG",2014-08-31,15,NA,NA,4,500,0,"Turbine(s) spinning",2014-08-31 21:59:43,2014-08-31 22:03:01,NA,NA,NA,NA,NA,NA,NA,NA,NA,NA,3.3
"Brockhouse","Brockhouse-1","MG",2014-08-06,13.5,NA,NA,1,0,2.2,"Turbine(s) spinning",2014-08-06 23:18:03,2014-08-06 23:20:48,NA,NA,NA,NA,NA,NA,NA,NA,NA,NA,2.75
"Brockhouse","Brockhouse-1","MG",2014-08-06,13.5,NA,NA,1,100,0.1,"Turbine(s) spinning",2014-08-06 23:20:48,2014-08-06 23:24:09,NA,NA,NA,NA,NA,NA,NA,NA,NA,NA,3.35
"Brockhouse","Brockhouse-1","MG",2014-08-06,13.5,NA,NA,1,200,0.7,"Turbine(s) spinning",2014-08-06 23:24:09,2014-08-06 23:27:01,NA,NA,NA,NA,NA,NA,NA,NA,NA,NA,2.86666666666667
"Brockhouse","Brockhouse-1","MG",2014-08-06,13.5,NA,NA,1,300,0,"Turbine(s) spinning",2014-08-06 23:27:01,2014-08-06 23:29:53,NA,NA,NA,NA,NA,NA,NA,NA,NA,NA,2.86666666666667
"Brockhouse","Brockhouse-1","MG",2014-08-06,13.5,NA,NA,1,400,1.4,"Turbine(s) spinning",2014-08-06 23:29:53,2014-08-06 23:32:50,NA,NA,NA,NA,NA,NA,NA,NA,NA,NA,2.95
"Brockhouse","Brockhouse-1","MG",2014-08-06,13.5,NA,NA,1,500,0.3,"Turbine(s) spinning",2014-08-06 23:32:50,2014-08-06 23:36:11,NA,NA,NA,NA,NA,NA,NA,NA,NA,NA,3.35
"Brockhouse","Brockhouse-1","MG",2014-08-06,13.5,NA,NA,2,0,3.3,"Turbine(s) spinning",2014-08-06 22:50:31,2014-08-06 22:52:59,NA,NA,NA,NA,NA,NA,NA,NA,NA,NA,2.46666666666667
"Brockhouse","Brockhouse-1","MG",2014-08-06,13.5,NA,NA,2,100,3.5,"Turbine(s) spinning",2014-08-06 22:52:59,2014-08-06 22:56:20,NA,NA,NA,NA,NA,NA,NA,NA,NA,NA,3.35
"Brockhouse","Brockhouse-1","MG",2014-08-06,13.5,NA,NA,2,200,2.2,"Turbine(s) spinning",2014-08-06 22:56:20,2014-08-06 22:59:32,NA,NA,NA,NA,NA,NA,NA,NA,NA,NA,3.2
"Brockhouse","Brockhouse-1","MG",2014-08-06,13.5,NA,NA,2,300,3.5,"Turbine(s) spinning",2014-08-06 22:59:32,2014-08-06 23:02:36,NA,NA,NA,NA,NA,NA,NA,NA,NA,NA,3.06666666666667
"Brockhouse","Brockhouse-1","MG",2014-08-06,13.5,NA,NA,2,400,3.4,"Turbine(s) spinning",2014-08-06 23:02:36,2014-08-06 23:05:25,NA,NA,NA,NA,NA,NA,NA,NA,NA,NA,2.81666666666667
"Brockhouse","Brockhouse-1","MG",2014-08-06,13.5,NA,NA,2,500,5,"Turbine(s) spinning",2014-08-06 23:05:25,2014-08-06 23:08:20,NA,NA,NA,NA,NA,NA,NA,NA,NA,NA,2.91666666666667
"Brockhouse","Brockhouse-1","MG",2014-08-06,13.5,NA,NA,2,600,4.8,"Turbine(s) spinning",2014-08-06 23:08:20,2014-08-06 23:11:41,NA,NA,NA,NA,NA,NA,NA,NA,NA,NA,3.35
"Brockhouse","Brockhouse-1","MG",2014-08-06,13.5,NA,NA,3,0,3.6,"Turbine(s) spinning",2014-08-06 22:16:42,2014-08-06 22:19:10,NA,NA,NA,NA,NA,NA,NA,NA,NA,NA,2.46666666666667
"Brockhouse","Brockhouse-1","MG",2014-08-06,13.5,NA,NA,3,100,2.5,"Turbine(s) spinning",2014-08-06 22:19:10,2014-08-06 22:22:21,NA,NA,NA,NA,NA,NA,NA,NA,NA,NA,3.18333333333333
"Brockhouse","Brockhouse-1","MG",2014-08-06,13.5,NA,NA,3,200,0,"Turbine(s) spinning",2014-08-06 22:22:21,2014-08-06 22:25:49,NA,NA,NA,NA,NA,NA,NA,NA,NA,NA,3.46666666666667
"Brockhouse","Brockhouse-1","MG",2014-08-06,13.5,NA,NA,3,300,2.4,"Turbine(s) spinning",2014-08-06 22:25:49,2014-08-06 22:28:50,NA,NA,NA,NA,NA,NA,NA,NA,NA,NA,3.01666666666667
"Brockhouse","Brockhouse-1","MG",2014-08-06,13.5,NA,NA,3,400,2.7,"Turbine(s) spinning",2014-08-06 22:28:50,2014-08-06 22:31:53,NA,NA,NA,NA,NA,NA,NA,NA,NA,NA,3.05
"Brockhouse","Brockhouse-1","MG",2014-08-06,13.5,NA,NA,3,500,3.3,"Turbine(s) spinning",2014-08-06 22:31:53,2014-08-06 22:36:19,NA,NA,NA,NA,NA,NA,NA,NA,NA,NA,4.43333333333333
"Brockhouse","Brockhouse-1","MG",2014-08-06,13.5,NA,NA,3,600,0,"Turbine(s) spinning",2014-08-06 22:36:19,2014-08-06 22:40:45,NA,NA,NA,NA,NA,NA,NA,NA,NA,NA,4.43333333333333
"Brockhouse","Brockhouse-1","MG",2014-08-06,13.5,NA,NA,4,0,2.7,"Turbine(s) spinning",2014-08-06 21:46:29,2014-08-06 21:49:16,NA,NA,NA,NA,NA,NA,NA,NA,NA,NA,2.78333333333333
"Brockhouse","Brockhouse-1","MG",2014-08-06,13.5,NA,NA,4,100,1.8,"Turbine(s) spinning",2014-08-06 21:49:16,2014-08-06 21:53:28,NA,NA,NA,NA,NA,NA,NA,NA,NA,NA,4.2
"Brockhouse","Brockhouse-1","MG",2014-08-06,13.5,NA,NA,4,200,0.9,"Turbine(s) spinning",2014-08-06 21:53:28,2014-08-06 21:56:40,NA,NA,NA,NA,NA,NA,NA,NA,NA,NA,3.2
"Brockhouse","Brockhouse-1","MG",2014-08-06,13.5,NA,NA,4,300,0.6,"Turbine(s) spinning",2014-08-06 21:56:40,2014-08-06 22:00:50,NA,NA,NA,NA,NA,NA,NA,NA,NA,NA,4.16666666666667
"Brockhouse","Brockhouse-1","MG",2014-08-06,13.5,NA,NA,4,400,0,"Turbine(s) spinning",2014-08-06 22:00:50,2014-08-06 22:04:50,NA,NA,NA,NA,NA,NA,NA,NA,NA,NA,4
"Brockhouse","Brockhouse-1","MG",2014-08-06,13.5,NA,NA,4,500,0,"Turbine(s) spinning",2014-08-06 22:04:50,2014-08-06 22:09:02,NA,NA,NA,NA,NA,NA,NA,NA,NA,NA,4.2
"Ferrygate","Ferrygate-1","MG",2014-07-23,14,NA,NA,1,0,0.8,"Turbine(s) not spinning",2014-07-23 01:41:26,2014-07-23 01:44:39,NA,NA,NA,NA,NA,NA,NA,NA,NA,NA,3.21666666666667
"Ferrygate","Ferrygate-1","MG",2014-07-23,14,NA,NA,1,100,0,"Turbine(s) not spinning",2014-07-23 01:44:39,2014-07-23 01:48:28,NA,NA,NA,NA,NA,NA,NA,NA,NA,NA,3.81666666666667
"Ferrygate","Ferrygate-1","MG",2014-07-23,14,NA,NA,1,200,0,"Turbine(s) not spinning",2014-07-23 01:48:28,2014-07-23 01:52:20,NA,NA,NA,NA,NA,NA,NA,NA,NA,NA,3.86666666666667
"Ferrygate","Ferrygate-1","MG",2014-07-23,14,NA,NA,1,300,0,"Turbine(s) not spinning",2014-07-23 01:52:20,2014-07-23 01:57:00,NA,NA,NA,NA,NA,NA,NA,NA,NA,NA,4.66666666666667
"Ferrygate","Ferrygate-1","MG",2014-07-23,14,NA,NA,1,400,1.2,"Turbine(s) not spinning",2014-07-23 01:57:00,2014-07-23 02:01:00,NA,NA,NA,NA,NA,NA,NA,NA,NA,NA,4
"Ferrygate","Ferrygate-1","MG",2014-07-23,14,NA,NA,1,500,0.6,"Turbine(s) not spinning",2014-07-23 02:01:00,2014-07-23 02:05:40,NA,NA,NA,NA,NA,NA,NA,NA,NA,NA,4.66666666666667
"Ferrygate","Ferrygate-1","MG",2014-07-23,14,NA,NA,2,0,2.9,"Turbine(s) not spinning",2014-07-23 02:18:54,2014-07-23 02:21:42,NA,NA,NA,NA,NA,NA,NA,NA,NA,NA,2.8
"Ferrygate","Ferrygate-1","MG",2014-07-23,14,NA,NA,2,100,3.4,"Turbine(s) not spinning",2014-07-23 02:21:42,2014-07-23 02:24:34,NA,NA,NA,NA,NA,NA,NA,NA,NA,NA,2.86666666666667
"Ferrygate","Ferrygate-1","MG",2014-07-23,14,NA,NA,2,200,2.6,"Turbine(s) not spinning",2014-07-23 02:24:34,2014-07-23 02:27:49,NA,NA,NA,NA,NA,NA,NA,NA,NA,NA,3.25
"Ferrygate","Ferrygate-1","MG",2014-07-23,14,NA,NA,2,300,0,"Turbine(s) not spinning",2014-07-23 02:27:49,2014-07-23 02:31:34,NA,NA,NA,NA,NA,NA,NA,NA,NA,NA,3.75
"Ferrygate","Ferrygate-1","MG",2014-07-23,14,NA,NA,2,400,0.9,"Turbine(s) not spinning",2014-07-23 02:31:34,2014-07-23 02:35:19,NA,NA,NA,NA,NA,NA,NA,NA,NA,NA,3.75
"Ferrygate","Ferrygate-1","MG",2014-07-23,14,NA,NA,3,0,3.8,"Turbine(s) not spinning",2014-07-23 02:41:53,2014-07-23 02:44:45,NA,NA,NA,NA,NA,NA,NA,NA,NA,NA,2.86666666666667
"Ferrygate","Ferrygate-1","MG",2014-07-23,14,NA,NA,3,100,1.7,"Turbine(s) not spinning",2014-07-23 02:44:45,2014-07-23 02:48:00,NA,NA,NA,NA,NA,NA,NA,NA,NA,NA,3.25
"Ferrygate","Ferrygate-1","MG",2014-07-23,14,NA,NA,3,200,0.1,"Turbine(s) not spinning",2014-07-23 02:48:00,2014-07-23 02:50:46,NA,NA,NA,NA,NA,NA,NA,NA,NA,NA,2.76666666666667
"Ferrygate","Ferrygate-1","MG",2014-07-23,14,NA,NA,3,300,0.9,"Turbine(s) not spinning",2014-07-23 02:50:46,2014-07-23 02:53:51,NA,NA,NA,NA,NA,NA,NA,NA,NA,NA,3.08333333333333
"Ferrygate","Ferrygate-1","MG",2014-07-23,14,NA,NA,3,400,1.4,"Turbine(s) not spinning",2014-07-23 02:53:51,2014-07-23 02:57:00,NA,NA,NA,NA,NA,NA,NA,NA,NA,NA,3.15
"Ferrygate","Ferrygate-1","MG",2014-07-23,14,NA,NA,3,500,0.1,"Turbine(s) not spinning",2014-07-23 02:57:00,2014-07-23 03:00:29,NA,NA,NA,NA,NA,NA,NA,NA,NA,NA,3.48333333333333
"Ferrygate","Ferrygate-1","MG",2014-07-23,14,NA,NA,3,600,0.1,"Turbine(s) not spinning",2014-07-23 03:00:29,2014-07-23 03:03:58,NA,NA,NA,NA,NA,NA,NA,NA,NA,NA,3.48333333333333
"Ferrygate","Ferrygate-2","MG",2014-09-02,12,NA,NA,1,0,0,"Turbine(s) not spinning",2014-09-02 20:47:56,2014-09-02 20:50:13,NA,NA,NA,NA,NA,NA,NA,NA,NA,NA,2.28333333333333
"Ferrygate","Ferrygate-2","MG",2014-09-02,12,NA,NA,1,100,0.2,"Turbine(s) not spinning",2014-09-02 20:50:13,2014-09-02 20:52:56,NA,NA,NA,NA,NA,NA,NA,NA,NA,NA,2.71666666666667
"Ferrygate","Ferrygate-2","MG",2014-09-02,12,NA,NA,1,200,0,"Turbine(s) not spinning",2014-09-02 20:52:56,2014-09-02 20:55:52,NA,NA,NA,NA,NA,NA,NA,NA,NA,NA,2.93333333333333
"Ferrygate","Ferrygate-2","MG",2014-09-02,12,NA,NA,1,300,0,"Turbine(s) not spinning",2014-09-02 20:55:52,2014-09-02 20:58:10,NA,NA,NA,NA,NA,NA,NA,NA,NA,NA,2.3
"Ferrygate","Ferrygate-2","MG",2014-09-02,12,NA,NA,1,400,0.1,"Turbine(s) not spinning",2014-09-02 20:58:10,2014-09-02 21:00:36,NA,NA,NA,NA,NA,NA,NA,NA,NA,NA,2.43333333333333
"Ferrygate","Ferrygate-2","MG",2014-09-02,12,NA,NA,1,500,0.7,"Turbine(s) not spinning",2014-09-02 21:00:36,2014-09-02 21:03:32,NA,NA,NA,NA,NA,NA,NA,NA,NA,NA,2.93333333333333
"Ferrygate","Ferrygate-2","MG",2014-09-02,12,NA,NA,2,0,0,"Turbine(s) not spinning",2014-09-02 21:07:23,2014-09-02 21:10:10,NA,NA,NA,NA,NA,NA,NA,NA,NA,NA,2.78333333333333
"Ferrygate","Ferrygate-2","MG",2014-09-02,12,NA,NA,2,100,1.2,"Turbine(s) not spinning",2014-09-02 21:10:10,2014-09-02 21:12:37,NA,NA,NA,NA,NA,NA,NA,NA,NA,NA,2.45
"Ferrygate","Ferrygate-2","MG",2014-09-02,12,NA,NA,2,200,0.1,"Turbine(s) not spinning",2014-09-02 21:12:37,2014-09-02 21:15:23,NA,NA,NA,NA,NA,NA,NA,NA,NA,NA,2.76666666666667
"Ferrygate","Ferrygate-2","MG",2014-09-02,12,NA,NA,2,300,0,"Turbine(s) not spinning",2014-09-02 21:15:23,2014-09-02 21:18:13,NA,NA,NA,NA,NA,NA,NA,NA,NA,NA,2.83333333333333
"Ferrygate","Ferrygate-2","MG",2014-09-02,12,NA,NA,2,400,0,"Turbine(s) not spinning",2014-09-02 21:18:13,2014-09-02 21:21:03,NA,NA,NA,NA,NA,NA,NA,NA,NA,NA,2.83333333333333
"Ferrygate","Ferrygate-2","MG",2014-09-02,12,NA,NA,3,0,0.2,"Turbine(s) not spinning",2014-09-02 21:24:19,2014-09-02 21:27:04,NA,NA,NA,NA,NA,NA,NA,NA,NA,NA,2.75
"Ferrygate","Ferrygate-2","MG",2014-09-02,12,NA,NA,3,100,0,"Turbine(s) not spinning",2014-09-02 21:27:04,2014-09-02 21:29:36,NA,NA,NA,NA,NA,NA,NA,NA,NA,NA,2.53333333333333
"Ferrygate","Ferrygate-2","MG",2014-09-02,12,NA,NA,3,200,0.3,"Turbine(s) not spinning",2014-09-02 21:29:36,2014-09-02 21:32:21,NA,NA,NA,NA,NA,NA,NA,NA,NA,NA,2.75
"Ferrygate","Ferrygate-2","MG",2014-09-02,12,NA,NA,3,300,0,"Turbine(s) not spinning",2014-09-02 21:32:21,2014-09-02 21:34:59,NA,NA,NA,NA,NA,NA,NA,NA,NA,NA,2.63333333333333
"Ferrygate","Ferrygate-2","MG",2014-09-02,12,NA,NA,3,400,0.3,"Turbine(s) not spinning",2014-09-02 21:34:59,2014-09-02 21:37:41,NA,NA,NA,NA,NA,NA,NA,NA,NA,NA,2.7
"Ferrygate","Ferrygate-2","MG",2014-09-02,12,NA,NA,3,500,0,"Turbine(s) not spinning",2014-09-02 21:37:41,2014-09-02 21:40:34,NA,NA,NA,NA,NA,NA,NA,NA,NA,NA,2.88333333333333
"Ferrygate","Ferrygate-2","MG",2014-09-02,12,NA,NA,3,600,0,"Turbine(s) not spinning",2014-09-02 21:40:34,2014-09-02 21:43:27,NA,NA,NA,NA,NA,NA,NA,NA,NA,NA,2.88333333333333
"Huxton","Huxton-1","MG",2014-08-06,13,NA,NA,1,0,0,"Turbine(s) not spinning",2014-08-06 01:52:01,2014-08-06 01:55:38,NA,NA,NA,NA,NA,NA,NA,NA,NA,NA,3.61666666666667
"Huxton","Huxton-1","MG",2014-08-06,13,NA,NA,1,100,0,"Turbine(s) not spinning",2014-08-06 01:55:38,2014-08-06 01:58:31,NA,NA,NA,NA,NA,NA,NA,NA,NA,NA,2.88333333333333
"Huxton","Huxton-1","MG",2014-08-06,13,NA,NA,1,200,0,"Turbine(s) not spinning",2014-08-06 01:58:31,2014-08-06 02:01:17,NA,NA,NA,NA,NA,NA,NA,NA,NA,NA,2.76666666666667
"Huxton","Huxton-1","MG",2014-08-06,13,NA,NA,1,300,0,"Turbine(s) not spinning",2014-08-06 02:01:17,2014-08-06 02:04:14,NA,NA,NA,NA,NA,NA,NA,NA,NA,NA,2.95
"Huxton","Huxton-1","MG",2014-08-06,13,NA,NA,1,400,0,"Turbine(s) not spinning",2014-08-06 02:04:14,2014-08-06 02:06:52,NA,NA,NA,NA,NA,NA,NA,NA,NA,NA,2.63333333333333
"Huxton","Huxton-1","MG",2014-08-06,13,NA,NA,1,500,0,"Turbine(s) not spinning",2014-08-06 02:06:52,2014-08-06 02:09:42,NA,NA,NA,NA,NA,NA,NA,NA,NA,NA,2.83333333333333
"Huxton","Huxton-1","MG",2014-08-06,13,NA,NA,1,600,0.3,"Turbine(s) not spinning",2014-08-06 02:09:42,2014-08-06 02:13:19,NA,NA,NA,NA,NA,NA,NA,NA,NA,NA,3.61666666666667
"Huxton","Huxton-1","MG",2014-08-06,13,NA,NA,2,0,0,"Turbine(s) not spinning",2014-08-06 01:24:05,2014-08-06 01:27:16,NA,NA,NA,NA,NA,NA,NA,NA,NA,NA,3.18333333333333
"Huxton","Huxton-1","MG",2014-08-06,13,NA,NA,2,100,0,"Turbine(s) not spinning",2014-08-06 01:27:16,2014-08-06 01:30:09,NA,NA,NA,NA,NA,NA,NA,NA,NA,NA,2.88333333333333
"Huxton","Huxton-1","MG",2014-08-06,13,NA,NA,2,200,0,"Turbine(s) not spinning",2014-08-06 01:30:09,2014-08-06 01:33:21,NA,NA,NA,NA,NA,NA,NA,NA,NA,NA,3.2
"Huxton","Huxton-1","MG",2014-08-06,13,NA,NA,2,300,0,"Turbine(s) not spinning",2014-08-06 01:33:21,2014-08-06 01:36:32,NA,NA,NA,NA,NA,NA,NA,NA,NA,NA,3.18333333333333
"Huxton","Huxton-1","MG",2014-08-06,13,NA,NA,2,400,0,"Turbine(s) not spinning",2014-08-06 01:36:32,2014-08-06 01:39:41,NA,NA,NA,NA,NA,NA,NA,NA,NA,NA,3.15
"Huxton","Huxton-1","MG",2014-08-06,13,NA,NA,2,500,0,"Turbine(s) not spinning",2014-08-06 01:39:41,2014-08-06 01:43:03,NA,NA,NA,NA,NA,NA,NA,NA,NA,NA,3.36666666666667
"Huxton","Huxton-1","MG",2014-08-06,13,NA,NA,2,600,0,"Turbine(s) not spinning",2014-08-06 01:43:03,2014-08-06 01:46:25,NA,NA,NA,NA,NA,NA,NA,NA,NA,NA,3.36666666666667
"Huxton","Huxton-1","MG",2014-08-06,13,NA,NA,3,0,0,"Turbine(s) spinning",2014-08-06 00:51:58,2014-08-06 00:55:01,NA,NA,NA,NA,NA,NA,NA,NA,NA,NA,3.05
"Huxton","Huxton-1","MG",2014-08-06,13,NA,NA,3,100,0,"Turbine(s) spinning",2014-08-06 00:55:01,2014-08-06 00:57:50,NA,NA,NA,NA,NA,NA,NA,NA,NA,NA,2.81666666666667
"Huxton","Huxton-1","MG",2014-08-06,13,NA,NA,3,200,0,"Turbine(s) spinning",2014-08-06 00:57:50,2014-08-06 01:00:45,NA,NA,NA,NA,NA,NA,NA,NA,NA,NA,2.91666666666667
"Huxton","Huxton-1","MG",2014-08-06,13,NA,NA,3,300,0,"Turbine(s) spinning",2014-08-06 01:00:45,2014-08-06 01:03:34,NA,NA,NA,NA,NA,NA,NA,NA,NA,NA,2.81666666666667
"Huxton","Huxton-1","MG",2014-08-06,13,NA,NA,3,400,0,"Turbine(s) spinning",2014-08-06 01:03:34,2014-08-06 01:06:24,NA,NA,NA,NA,NA,NA,NA,NA,NA,NA,2.83333333333333
"Huxton","Huxton-1","MG",2014-08-06,13,NA,NA,3,500,0,"Turbine(s) spinning",2014-08-06 01:06:24,2014-08-06 01:09:02,NA,NA,NA,NA,NA,NA,NA,NA,NA,NA,2.63333333333333
"Huxton","Huxton-1","MG",2014-08-06,13,NA,NA,3,600,0,"Turbine(s) spinning",2014-08-06 01:09:02,2014-08-06 01:11:46,NA,NA,NA,NA,NA,NA,NA,NA,NA,NA,2.73333333333333
"Huxton","Huxton-1","MG",2014-08-06,13,NA,NA,3,700,0,"Turbine(s) spinning",2014-08-06 01:11:46,2014-08-06 01:14:49,NA,NA,NA,NA,NA,NA,NA,NA,NA,NA,3.05
"Huxton","Huxton-1","MG",2014-08-06,13,NA,NA,4,0,0,"Turbine(s) spinning",2014-08-06 00:20:10,2014-08-06 00:23:22,NA,NA,NA,NA,NA,NA,NA,NA,NA,NA,3.2
"Huxton","Huxton-1","MG",2014-08-06,13,NA,NA,4,100,0,"Turbine(s) spinning",2014-08-06 00:23:22,2014-08-06 00:26:35,NA,NA,NA,NA,NA,NA,NA,NA,NA,NA,3.21666666666667
"Huxton","Huxton-1","MG",2014-08-06,13,NA,NA,4,200,0,"Turbine(s) spinning",2014-08-06 00:26:35,2014-08-06 00:29:52,NA,NA,NA,NA,NA,NA,NA,NA,NA,NA,3.28333333333333
"Huxton","Huxton-1","MG",2014-08-06,13,NA,NA,4,300,0,"Turbine(s) spinning",2014-08-06 00:29:52,2014-08-06 00:34:16,NA,NA,NA,NA,NA,NA,NA,NA,NA,NA,4.4
"Huxton","Huxton-1","MG",2014-08-06,13,NA,NA,4,400,0.2,"Turbine(s) spinning",2014-08-06 00:34:16,2014-08-06 00:38:17,NA,NA,NA,NA,NA,NA,NA,NA,NA,NA,4.01666666666667
"Huxton","Huxton-1","MG",2014-08-06,13,NA,NA,4,500,0.4,"Turbine(s) spinning",2014-08-06 00:38:17,2014-08-06 00:41:04,NA,NA,NA,NA,NA,NA,NA,NA,NA,NA,2.78333333333333
"Huxton","Huxton-1","MG",2014-08-06,13,NA,NA,4,600,0,"Turbine(s) spinning",2014-08-06 00:41:04,2014-08-06 00:45:28,NA,NA,NA,NA,NA,NA,NA,NA,NA,NA,4.4
"Letham Far North T2","Letham Far North T2-1","MG",2014-07-08,12,NA,NA,1,0,0,"Turbines not spinning",2014-07-08 01:29:39,2014-07-08 01:32:55,NA,NA,NA,NA,NA,NA,NA,NA,NA,NA,3.26666666666667
"Letham Far North T2","Letham Far North T2-1","MG",2014-07-08,12,NA,NA,1,100,0,"Turbines not spinning",2014-07-08 01:32:55,2014-07-08 01:36:34,NA,NA,NA,NA,NA,NA,NA,NA,NA,NA,3.65
"Letham Far North T2","Letham Far North T2-1","MG",2014-07-08,12,NA,NA,1,200,0.7,"Turbines not spinning",2014-07-08 01:36:34,2014-07-08 01:40:31,NA,NA,NA,NA,NA,NA,NA,NA,NA,NA,3.95
"Letham Far North T2","Letham Far North T2-1","MG",2014-07-08,12,NA,NA,1,300,0,"Turbines not spinning",2014-07-08 01:40:31,2014-07-08 01:43:34,NA,NA,NA,NA,NA,NA,NA,NA,NA,NA,3.05
"Letham Far North T2","Letham Far North T2-1","MG",2014-07-08,12,NA,NA,1,400,0.6,"Turbines not spinning",2014-07-08 01:43:34,2014-07-08 01:47:16,NA,NA,NA,NA,NA,NA,NA,NA,NA,NA,3.7
"Letham Far North T2","Letham Far North T2-1","MG",2014-07-08,12,NA,NA,1,500,0.4,"Turbines not spinning",2014-07-08 01:47:16,2014-07-08 01:51:13,NA,NA,NA,NA,NA,NA,NA,NA,NA,NA,3.95
"Letham Far North T2","Letham Far North T2-1","MG",2014-07-08,12,NA,NA,2,0,0,"Turbines not spinning",2014-07-08 01:29:38,2014-07-08 01:33:27,NA,NA,NA,NA,NA,NA,NA,NA,NA,NA,3.81666666666667
"Letham Far North T2","Letham Far North T2-1","MG",2014-07-08,12,NA,NA,2,100,0,"Turbines not spinning",2014-07-08 01:33:27,2014-07-08 01:38:10,NA,NA,NA,NA,NA,NA,NA,NA,NA,NA,4.71666666666667
"Letham Far North T2","Letham Far North T2-1","MG",2014-07-08,12,NA,NA,2,200,0.1,"Turbines not spinning",2014-07-08 01:38:10,2014-07-08 01:43:29,NA,NA,NA,NA,NA,NA,NA,NA,NA,NA,5.31666666666667
"Letham Far North T2","Letham Far North T2-1","MG",2014-07-08,12,NA,NA,2,300,0,"Turbines not spinning",2014-07-08 01:43:29,2014-07-08 01:50:07,NA,NA,NA,NA,NA,NA,NA,NA,NA,NA,6.63333333333333
"Letham Far North T2","Letham Far North T2-1","MG",2014-07-08,12,NA,NA,2,400,0,"Turbines not spinning",2014-07-08 01:50:07,2014-07-08 01:54:58,NA,NA,NA,NA,NA,NA,NA,NA,NA,NA,4.85
"Letham Far North T2","Letham Far North T2-1","MG",2014-07-08,12,NA,NA,2,500,0,"Turbines not spinning",2014-07-08 01:54:58,2014-07-08 02:01:36,NA,NA,NA,NA,NA,NA,NA,NA,NA,NA,6.63333333333333
"Letham Far North T2","Letham Far North T2-1","MG",2014-07-08,12,NA,NA,3,0,0,"Turbines not spinning",2014-07-08 02:32:52,2014-07-08 02:36:12,NA,NA,NA,NA,NA,NA,NA,NA,NA,NA,3.33333333333333
"Letham Far North T2","Letham Far North T2-1","MG",2014-07-08,12,NA,NA,3,100,0,"Turbines not spinning",2014-07-08 02:36:12,2014-07-08 02:40:42,NA,NA,NA,NA,NA,NA,NA,NA,NA,NA,4.5
"Letham Far North T2","Letham Far North T2-1","MG",2014-07-08,12,NA,NA,3,200,0,"Turbines not spinning",2014-07-08 02:40:42,2014-07-08 02:44:07,NA,NA,NA,NA,NA,NA,NA,NA,NA,NA,3.41666666666667
"Letham Far North T2","Letham Far North T2-1","MG",2014-07-08,12,NA,NA,3,300,0,"Turbines not spinning",2014-07-08 02:44:07,2014-07-08 02:48:28,NA,NA,NA,NA,NA,NA,NA,NA,NA,NA,4.35
"Letham Far North T2","Letham Far North T2-1","MG",2014-07-08,12,NA,NA,3,400,0,"Turbines not spinning",2014-07-08 02:48:28,2014-07-08 02:51:24,NA,NA,NA,NA,NA,NA,NA,NA,NA,NA,2.93333333333333
"Letham Far North T2","Letham Far North T2-1","MG",2014-07-08,12,NA,NA,3,500,0,"Turbines not spinning",2014-07-08 02:51:24,2014-07-08 02:54:29,NA,NA,NA,NA,NA,NA,NA,NA,NA,NA,3.08333333333333
"Letham Far North T2","Letham Far North T2-1","MG",2014-07-08,12,NA,NA,3,600,0,"Turbines not spinning",2014-07-08 02:54:29,2014-07-08 02:57:20,NA,NA,NA,NA,NA,NA,NA,NA,NA,NA,2.85
"Letham Far North T2","Letham Far North T2-1","MG",2014-07-08,12,NA,NA,3,700,0,"Turbines not spinning",2014-07-08 02:57:20,2014-07-08 03:01:50,NA,NA,NA,NA,NA,NA,NA,NA,NA,NA,4.5
"Letham Far North T2","Letham Far North T2-1","MG",2014-07-08,12,NA,NA,4,0,0,"Turbines not spinning",2014-07-08 02:06:12,2014-07-08 02:08:57,NA,NA,NA,NA,NA,NA,NA,NA,NA,NA,2.75
"Letham Far North T2","Letham Far North T2-1","MG",2014-07-08,12,NA,NA,4,100,0,"Turbines not spinning",2014-07-08 02:08:57,2014-07-08 02:11:37,NA,NA,NA,NA,NA,NA,NA,NA,NA,NA,2.66666666666667
"Letham Far North T2","Letham Far North T2-1","MG",2014-07-08,12,NA,NA,4,200,0,"Turbines not spinning",2014-07-08 02:11:37,2014-07-08 02:14:20,NA,NA,NA,NA,NA,NA,NA,NA,NA,NA,2.71666666666667
"Letham Far North T2","Letham Far North T2-1","MG",2014-07-08,12,NA,NA,4,300,0,"Turbines not spinning",2014-07-08 02:14:20,2014-07-08 02:17:50,NA,NA,NA,NA,NA,NA,NA,NA,NA,NA,3.5
"Letham Far North T2","Letham Far North T2-1","MG",2014-07-08,12,NA,NA,4,400,0,"Turbines not spinning",2014-07-08 02:17:50,2014-07-08 02:21:10,NA,NA,NA,NA,NA,NA,NA,NA,NA,NA,3.33333333333333
"Letham Far North T2","Letham Far North T2-1","MG",2014-07-08,12,NA,NA,4,500,0,"Turbines not spinning",2014-07-08 02:21:10,2014-07-08 02:24:40,NA,NA,NA,NA,NA,NA,NA,NA,NA,NA,3.5
"Letham Far North T2","Letham Far North T2-2","MG",2014-08-26,9.5,NA,NA,1,0,0.1,"Turbine(s) spinning",2014-08-26 21:08:15,2014-08-26 21:11:45,NA,NA,NA,NA,NA,NA,NA,NA,NA,NA,3.5
"Letham Far North T2","Letham Far North T2-2","MG",2014-08-26,9.5,NA,NA,1,100,0.3,"Turbine(s) spinning",2014-08-26 21:11:45,2014-08-26 21:15:11,NA,NA,NA,NA,NA,NA,NA,NA,NA,NA,3.43333333333333
"Letham Far North T2","Letham Far North T2-2","MG",2014-08-26,9.5,NA,NA,1,200,0.4,"Turbine(s) spinning",2014-08-26 21:15:11,2014-08-26 21:18:35,NA,NA,NA,NA,NA,NA,NA,NA,NA,NA,3.4
"Letham Far North T2","Letham Far North T2-2","MG",2014-08-26,9.5,NA,NA,1,300,0,"Turbine(s) spinning",2014-08-26 21:18:35,2014-08-26 21:21:48,NA,NA,NA,NA,NA,NA,NA,NA,NA,NA,3.21666666666667
"Letham Far North T2","Letham Far North T2-2","MG",2014-08-26,9.5,NA,NA,1,400,0,"Turbine(s) spinning",2014-08-26 21:21:48,2014-08-26 21:25:03,NA,NA,NA,NA,NA,NA,NA,NA,NA,NA,3.25
"Letham Far North T2","Letham Far North T2-2","MG",2014-08-26,9.5,NA,NA,1,500,0.3,"Turbine(s) spinning",2014-08-26 21:25:03,2014-08-26 21:28:33,NA,NA,NA,NA,NA,NA,NA,NA,NA,NA,3.5
"Letham Far North T2","Letham Far North T2-2","MG",2014-08-26,9.5,NA,NA,2,0,0,"Turbine(s) spinning",2014-08-26 22:06:49,2014-08-26 22:09:46,NA,NA,NA,NA,NA,NA,NA,NA,NA,NA,2.95
"Letham Far North T2","Letham Far North T2-2","MG",2014-08-26,9.5,NA,NA,2,100,0.1,"Turbine(s) spinning",2014-08-26 22:09:46,2014-08-26 22:12:11,NA,NA,NA,NA,NA,NA,NA,NA,NA,NA,2.41666666666667
"Letham Far North T2","Letham Far North T2-2","MG",2014-08-26,9.5,NA,NA,2,200,0,"Turbine(s) spinning",2014-08-26 22:12:11,2014-08-26 22:15:23,NA,NA,NA,NA,NA,NA,NA,NA,NA,NA,3.2
"Letham Far North T2","Letham Far North T2-2","MG",2014-08-26,9.5,NA,NA,2,300,0,"Turbine(s) spinning",2014-08-26 22:15:23,2014-08-26 22:18:25,NA,NA,NA,NA,NA,NA,NA,NA,NA,NA,3.03333333333333
"Letham Far North T2","Letham Far North T2-2","MG",2014-08-26,9.5,NA,NA,2,400,0,"Turbine(s) spinning",2014-08-26 22:18:25,2014-08-26 22:21:07,NA,NA,NA,NA,NA,NA,NA,NA,NA,NA,2.7
"Letham Far North T2","Letham Far North T2-2","MG",2014-08-26,9.5,NA,NA,2,500,0,"Turbine(s) spinning",2014-08-26 22:21:07,2014-08-26 22:24:19,NA,NA,NA,NA,NA,NA,NA,NA,NA,NA,3.2
"Letham Far North T2","Letham Far North T2-2","MG",2014-08-26,9.5,NA,NA,4,0,1,"Turbine(s) spinning",2014-08-26 21:37:33,2014-08-26 21:40:49,NA,NA,NA,NA,NA,NA,NA,NA,NA,NA,3.26666666666667
"Letham Far North T2","Letham Far North T2-2","MG",2014-08-26,9.5,NA,NA,4,100,0.3,"Turbine(s) spinning",2014-08-26 21:40:49,2014-08-26 21:43:48,NA,NA,NA,NA,NA,NA,NA,NA,NA,NA,2.98333333333333
"Letham Far North T2","Letham Far North T2-2","MG",2014-08-26,9.5,NA,NA,4,200,0,"Turbine(s) spinning",2014-08-26 21:43:48,2014-08-26 21:46:50,NA,NA,NA,NA,NA,NA,NA,NA,NA,NA,3.03333333333333
"Letham Far North T2","Letham Far North T2-2","MG",2014-08-26,9.5,NA,NA,4,300,0.9,"Turbine(s) spinning",2014-08-26 21:46:50,2014-08-26 21:49:36,NA,NA,NA,NA,NA,NA,NA,NA,NA,NA,2.76666666666667
"Letham Far North T2","Letham Far North T2-2","MG",2014-08-26,9.5,NA,NA,4,400,0.4,"Turbine(s) spinning",2014-08-26 21:49:36,2014-08-26 21:51:59,NA,NA,NA,NA,NA,NA,NA,NA,NA,NA,2.38333333333333
"Letham Far North T2","Letham Far North T2-2","MG",2014-08-26,9.5,NA,NA,4,500,0.8,"Turbine(s) spinning",2014-08-26 21:51:59,2014-08-26 21:55:15,NA,NA,NA,NA,NA,NA,NA,NA,NA,NA,3.26666666666667
"Letham Near South T1","Letham Near South T1-1","MG",2014-07-11,11,NA,NA,1,0,0,"Turbine(s) spinning",2014-07-11 01:42:52,2014-07-11 01:45:39,NA,NA,NA,NA,NA,NA,NA,NA,NA,NA,2.78333333333333
"Letham Near South T1","Letham Near South T1-1","MG",2014-07-11,11,NA,NA,1,100,0,"Turbine(s) spinning",2014-07-11 01:45:39,2014-07-11 01:48:28,NA,NA,NA,NA,NA,NA,NA,NA,NA,NA,2.81666666666667
"Letham Near South T1","Letham Near South T1-1","MG",2014-07-11,11,NA,NA,1,200,0,"Turbine(s) spinning",2014-07-11 01:48:28,2014-07-11 01:51:40,NA,NA,NA,NA,NA,NA,NA,NA,NA,NA,3.2
"Letham Near South T1","Letham Near South T1-1","MG",2014-07-11,11,NA,NA,1,300,0,"Turbine(s) spinning",2014-07-11 01:51:40,2014-07-11 01:54:29,NA,NA,NA,NA,NA,NA,NA,NA,NA,NA,2.81666666666667
"Letham Near South T1","Letham Near South T1-1","MG",2014-07-11,11,NA,NA,1,400,0,"Turbine(s) spinning",2014-07-11 01:54:29,2014-07-11 01:57:28,NA,NA,NA,NA,NA,NA,NA,NA,NA,NA,2.98333333333333
"Letham Near South T1","Letham Near South T1-1","MG",2014-07-11,11,NA,NA,1,500,0,"Turbine(s) spinning",2014-07-11 01:57:28,2014-07-11 02:00:40,NA,NA,NA,NA,NA,NA,NA,NA,NA,NA,3.2
"Letham Near South T1","Letham Near South T1-1","MG",2014-07-11,11,NA,NA,2,0,0,"Turbine(s) not spinning",2014-07-11 02:07:11,2014-07-11 02:10:05,NA,NA,NA,NA,NA,NA,NA,NA,NA,NA,2.9
"Letham Near South T1","Letham Near South T1-1","MG",2014-07-11,11,NA,NA,2,100,0,"Turbine(s) not spinning",2014-07-11 02:10:05,2014-07-11 02:12:16,NA,NA,NA,NA,NA,NA,NA,NA,NA,NA,2.18333333333333
"Letham Near South T1","Letham Near South T1-1","MG",2014-07-11,11,NA,NA,2,200,0,"Turbine(s) not spinning",2014-07-11 02:12:16,2014-07-11 02:15:32,NA,NA,NA,NA,NA,NA,NA,NA,NA,NA,3.26666666666667
"Letham Near South T1","Letham Near South T1-1","MG",2014-07-11,11,NA,NA,2,300,0,"Turbine(s) not spinning",2014-07-11 02:15:32,2014-07-11 02:18:57,NA,NA,NA,NA,NA,NA,NA,NA,NA,NA,3.41666666666667
"Letham Near South T1","Letham Near South T1-1","MG",2014-07-11,11,NA,NA,2,400,0,"Turbine(s) not spinning",2014-07-11 02:18:57,2014-07-11 02:22:00,NA,NA,NA,NA,NA,NA,NA,NA,NA,NA,3.05
"Letham Near South T1","Letham Near South T1-1","MG",2014-07-11,11,NA,NA,2,500,0,"Turbine(s) not spinning",2014-07-11 02:22:00,2014-07-11 02:25:25,NA,NA,NA,NA,NA,NA,NA,NA,NA,NA,3.41666666666667
"Letham Near South T1","Letham Near South T1-1","MG",2014-07-11,11,NA,NA,3,0,0,"Turbine(s) not spinning",2014-07-11 02:33:21,2014-07-11 02:35:46,NA,NA,NA,NA,NA,NA,NA,NA,NA,NA,2.41666666666667
"Letham Near South T1","Letham Near South T1-1","MG",2014-07-11,11,NA,NA,3,100,0,"Turbine(s) not spinning",2014-07-11 02:35:46,2014-07-11 02:38:29,NA,NA,NA,NA,NA,NA,NA,NA,NA,NA,2.71666666666667
"Letham Near South T1","Letham Near South T1-1","MG",2014-07-11,11,NA,NA,3,200,0,"Turbine(s) not spinning",2014-07-11 02:38:29,2014-07-11 02:42:07,NA,NA,NA,NA,NA,NA,NA,NA,NA,NA,3.63333333333333
"Letham Near South T1","Letham Near South T1-1","MG",2014-07-11,11,NA,NA,3,300,0,"Turbine(s) not spinning",2014-07-11 02:42:07,2014-07-11 02:45:36,NA,NA,NA,NA,NA,NA,NA,NA,NA,NA,3.48333333333333
"Letham Near South T1","Letham Near South T1-1","MG",2014-07-11,11,NA,NA,3,400,0,"Turbine(s) not spinning",2014-07-11 02:45:36,2014-07-11 02:49:05,NA,NA,NA,NA,NA,NA,NA,NA,NA,NA,3.48333333333333
"Letham Near South T1","Letham Near South T1-1","MG",2014-07-11,11,NA,NA,3,500,0,"Turbine(s) not spinning",2014-07-11 02:49:05,2014-07-11 02:51:58,NA,NA,NA,NA,NA,NA,NA,NA,NA,NA,2.88333333333333
"Letham Near South T1","Letham Near South T1-1","MG",2014-07-11,11,NA,NA,3,600,0,"Turbine(s) not spinning",2014-07-11 02:51:58,2014-07-11 02:54:56,NA,NA,NA,NA,NA,NA,NA,NA,NA,NA,2.96666666666667
"Letham Near South T1","Letham Near South T1-1","MG",2014-07-11,11,NA,NA,3,700,0,"Turbine(s) not spinning",2014-07-11 02:54:56,2014-07-11 02:58:34,NA,NA,NA,NA,NA,NA,NA,NA,NA,NA,3.63333333333333
"Letham Near South T1","Letham Near South T1-1","MG",2014-07-11,11,NA,NA,4,0,0,"Turbine(s) not spinning",2014-07-11 03:06:06,2014-07-11 03:08:55,NA,NA,NA,NA,NA,NA,NA,NA,NA,NA,2.81666666666667
"Letham Near South T1","Letham Near South T1-1","MG",2014-07-11,11,NA,NA,4,100,0,"Turbine(s) not spinning",2014-07-11 03:08:55,2014-07-11 03:12:30,NA,NA,NA,NA,NA,NA,NA,NA,NA,NA,3.58333333333333
"Letham Near South T1","Letham Near South T1-1","MG",2014-07-11,11,NA,NA,4,200,0,"Turbine(s) not spinning",2014-07-11 03:12:30,2014-07-11 03:15:23,NA,NA,NA,NA,NA,NA,NA,NA,NA,NA,2.88333333333333
"Letham Near South T1","Letham Near South T1-1","MG",2014-07-11,11,NA,NA,4,300,0,"Turbine(s) not spinning",2014-07-11 03:15:23,2014-07-11 03:17:47,NA,NA,NA,NA,NA,NA,NA,NA,NA,NA,2.4
"Letham Near South T1","Letham Near South T1-1","MG",2014-07-11,11,NA,NA,4,400,0,"Turbine(s) not spinning",2014-07-11 03:17:47,2014-07-11 03:20:17,NA,NA,NA,NA,NA,NA,NA,NA,NA,NA,2.5
"Letham Near South T1","Letham Near South T1-1","MG",2014-07-11,11,NA,NA,4,500,0,"Turbine(s) not spinning",2014-07-11 03:20:17,2014-07-11 03:23:19,NA,NA,NA,NA,NA,NA,NA,NA,NA,NA,3.03333333333333
"Letham Near South T1","Letham Near South T1-1","MG",2014-07-11,11,NA,NA,4,600,0,"Turbine(s) not spinning",2014-07-11 03:23:19,2014-07-11 03:26:54,NA,NA,NA,NA,NA,NA,NA,NA,NA,NA,3.58333333333333
"Mid Cambushinnie","Mid Cambushinnie-1","MG",2014-07-10,14.5,NA,NA,1,0,0,"Turbine(s) spinning",2014-07-10 22:46:00,2014-07-10 22:49:00,NA,NA,NA,NA,NA,NA,NA,NA,NA,NA,3
"Mid Cambushinnie","Mid Cambushinnie-1","MG",2014-07-10,14.5,NA,NA,1,100,0,"Turbine(s) spinning",2014-07-10 22:49:00,2014-07-10 22:52:00,NA,NA,NA,NA,NA,NA,NA,NA,NA,NA,3
"Mid Cambushinnie","Mid Cambushinnie-1","MG",2014-07-10,14.5,NA,NA,1,200,0,"Turbine(s) spinning",2014-07-10 22:52:00,2014-07-10 22:55:04,NA,NA,NA,NA,NA,NA,NA,NA,NA,NA,3.06666666666667
"Mid Cambushinnie","Mid Cambushinnie-1","MG",2014-07-10,14.5,NA,NA,1,300,0,"Turbine(s) spinning",2014-07-10 22:55:04,2014-07-10 22:58:52,NA,NA,NA,NA,NA,NA,NA,NA,NA,NA,3.8
"Mid Cambushinnie","Mid Cambushinnie-1","MG",2014-07-10,14.5,NA,NA,1,400,0,"Turbine(s) spinning",2014-07-10 22:58:52,2014-07-10 23:01:38,NA,NA,NA,NA,NA,NA,NA,NA,NA,NA,2.76666666666667
"Mid Cambushinnie","Mid Cambushinnie-1","MG",2014-07-10,14.5,NA,NA,1,500,0,"Turbine(s) spinning",2014-07-10 23:01:38,2014-07-10 23:05:26,NA,NA,NA,NA,NA,NA,NA,NA,NA,NA,3.8
"Mid Cambushinnie","Mid Cambushinnie-1","MG",2014-07-10,14.5,NA,NA,2,600,0,"Turbine(s) not spinning",2014-07-10 23:13:54,2014-07-10 23:16:37,NA,NA,NA,NA,NA,NA,NA,NA,NA,NA,2.71666666666667
"Mid Cambushinnie","Mid Cambushinnie-1","MG",2014-07-10,14.5,NA,NA,2,500,0,"Turbine(s) not spinning",2014-07-10 23:16:37,2014-07-10 23:19:20,NA,NA,NA,NA,NA,NA,NA,NA,NA,NA,2.71666666666667
"Mid Cambushinnie","Mid Cambushinnie-1","MG",2014-07-10,14.5,NA,NA,2,400,0,"Turbine(s) not spinning",2014-07-10 23:19:20,2014-07-10 23:22:43,NA,NA,NA,NA,NA,NA,NA,NA,NA,NA,3.38333333333333
"Mid Cambushinnie","Mid Cambushinnie-1","MG",2014-07-10,14.5,NA,NA,2,300,0,"Turbine(s) not spinning",2014-07-10 23:22:43,2014-07-10 23:25:58,NA,NA,NA,NA,NA,NA,NA,NA,NA,NA,3.25
"Mid Cambushinnie","Mid Cambushinnie-1","MG",2014-07-10,14.5,NA,NA,2,200,0,"Turbine(s) spinning",2014-07-10 23:25:58,2014-07-10 23:28:30,NA,NA,NA,NA,NA,NA,NA,NA,NA,NA,2.53333333333333
"Mid Cambushinnie","Mid Cambushinnie-1","MG",2014-07-10,14.5,NA,NA,2,100,0.4,"Turbine(s) spinning",2014-07-10 23:28:30,2014-07-10 23:30:54,NA,NA,NA,NA,NA,NA,NA,NA,NA,NA,2.4
"Mid Cambushinnie","Mid Cambushinnie-1","MG",2014-07-10,14.5,NA,NA,2,0,0,"Turbine(s) spinning",2014-07-10 23:30:54,2014-07-10 23:34:17,NA,NA,NA,NA,NA,NA,NA,NA,NA,NA,3.38333333333333
"Mid Cambushinnie","Mid Cambushinnie-1","MG",2014-07-10,14.5,NA,NA,3,0,0.1,"Turbine(s) spinning",2014-07-10 23:34:00,2014-07-10 23:37:11,NA,NA,NA,NA,NA,NA,NA,NA,NA,NA,3.18333333333333
"Mid Cambushinnie","Mid Cambushinnie-1","MG",2014-07-10,14.5,NA,NA,3,100,0,"Turbine(s) spinning",2014-07-10 23:37:11,2014-07-10 23:40:44,NA,NA,NA,NA,NA,NA,NA,NA,NA,NA,3.55
"Mid Cambushinnie","Mid Cambushinnie-1","MG",2014-07-10,14.5,NA,NA,3,200,0,"Turbine(s) spinning",2014-07-10 23:40:44,2014-07-10 23:45:05,NA,NA,NA,NA,NA,NA,NA,NA,NA,NA,4.35
"Mid Cambushinnie","Mid Cambushinnie-1","MG",2014-07-10,14.5,NA,NA,3,300,0,"Turbine(s) spinning",2014-07-10 23:45:05,2014-07-10 23:48:45,NA,NA,NA,NA,NA,NA,NA,NA,NA,NA,3.66666666666667
"Mid Cambushinnie","Mid Cambushinnie-1","MG",2014-07-10,14.5,NA,NA,3,400,0,"Turbine(s) spinning",2014-07-10 23:48:45,2014-07-10 23:52:39,NA,NA,NA,NA,NA,NA,NA,NA,NA,NA,3.9
"Mid Cambushinnie","Mid Cambushinnie-1","MG",2014-07-10,14.5,NA,NA,3,500,0,"Turbine(s) spinning",2014-07-10 23:52:39,2014-07-10 23:54:37,NA,NA,NA,NA,NA,NA,NA,NA,NA,NA,1.96666666666667
"Mid Cambushinnie","Mid Cambushinnie-1","MG",2014-07-10,14.5,NA,NA,3,600,0,"Turbine(s) spinning",2014-07-10 23:54:37,2014-07-10 23:58:58,NA,NA,NA,NA,NA,NA,NA,NA,NA,NA,4.35
"Mid Cambushinnie","Mid Cambushinnie-1","MG",2014-07-11,14.5,NA,NA,4,0,0,"1 Y, 1 N",2014-07-11 00:12:44,2014-07-11 00:15:45,NA,NA,NA,NA,NA,NA,NA,NA,NA,NA,3.01666666666667
"Mid Cambushinnie","Mid Cambushinnie-1","MG",2014-07-11,14.5,NA,NA,4,100,0,"1 Y, 1 N",2014-07-11 00:15:45,2014-07-11 00:18:44,NA,NA,NA,NA,NA,NA,NA,NA,NA,NA,2.98333333333333
"Mid Cambushinnie","Mid Cambushinnie-1","MG",2014-07-11,14.5,NA,NA,4,200,0,"1 Y, 1 N",2014-07-11 00:18:44,2014-07-11 00:21:39,NA,NA,NA,NA,NA,NA,NA,NA,NA,NA,2.91666666666667
"Mid Cambushinnie","Mid Cambushinnie-1","MG",2014-07-11,14.5,NA,NA,4,300,0,"1 Y, 1 N",2014-07-11 00:21:39,2014-07-11 00:24:32,NA,NA,NA,NA,NA,NA,NA,NA,NA,NA,2.88333333333333
"Mid Cambushinnie","Mid Cambushinnie-1","MG",2014-07-11,14.5,NA,NA,4,400,0,"1 Y, 1 N",2014-07-11 00:24:32,2014-07-11 00:28:47,NA,NA,NA,NA,NA,NA,NA,NA,NA,NA,4.25
"Mid Cambushinnie","Mid Cambushinnie-1","MG",2014-07-11,14.5,NA,NA,4,500,0,"1 Y, 1 N",2014-07-11 00:28:47,2014-07-11 00:31:47,NA,NA,NA,NA,NA,NA,NA,NA,NA,NA,3
"Mid Cambushinnie","Mid Cambushinnie-1","MG",2014-07-11,14.5,NA,NA,4,600,0,"1 Y, 1 N",2014-07-11 00:31:47,2014-07-11 00:34:33,NA,NA,NA,NA,NA,NA,NA,NA,NA,NA,2.76666666666667
"Mid Cambushinnie","Mid Cambushinnie-1","MG",2014-07-11,14.5,NA,NA,4,700,0,"1 Y, 1 N",2014-07-11 00:34:33,2014-07-11 00:38:48,NA,NA,NA,NA,NA,NA,NA,NA,NA,NA,4.25
"Mid Cambushinnie","Mid Cambushinnie-2","MG",2014-08-25,11.5,NA,NA,1,0,3.7,"Turbine(s) spinning",2014-08-25 21:21:37,2014-08-25 21:24:28,NA,NA,NA,NA,NA,NA,NA,NA,NA,NA,2.85
"Mid Cambushinnie","Mid Cambushinnie-2","MG",2014-08-25,11.5,NA,NA,1,100,2.2,"Turbine(s) spinning",2014-08-25 21:24:28,2014-08-25 21:27:50,NA,NA,NA,NA,NA,NA,NA,NA,NA,NA,3.36666666666667
"Mid Cambushinnie","Mid Cambushinnie-2","MG",2014-08-25,11.5,NA,NA,1,200,3.6,"Turbine(s) spinning",2014-08-25 21:27:50,2014-08-25 21:30:14,NA,NA,NA,NA,NA,NA,NA,NA,NA,NA,2.4
"Mid Cambushinnie","Mid Cambushinnie-2","MG",2014-08-25,11.5,NA,NA,1,300,3.9,"Turbine(s) spinning",2014-08-25 21:30:14,2014-08-25 21:33:07,NA,NA,NA,NA,NA,NA,NA,NA,NA,NA,2.88333333333333
"Mid Cambushinnie","Mid Cambushinnie-2","MG",2014-08-25,11.5,NA,NA,1,400,2.7,"Turbine(s) spinning",2014-08-25 21:33:07,2014-08-25 21:35:45,NA,NA,NA,NA,NA,NA,NA,NA,NA,NA,2.63333333333333
"Mid Cambushinnie","Mid Cambushinnie-2","MG",2014-08-25,11.5,NA,NA,1,500,3.4,"Turbine(s) spinning",2014-08-25 21:35:45,2014-08-25 21:39:07,NA,NA,NA,NA,NA,NA,NA,NA,NA,NA,3.36666666666667
"Mid Cambushinnie","Mid Cambushinnie-2","MG",2014-08-25,11.5,NA,NA,2,600,0.5,"Turbine(s) spinning",2014-08-25 21:41:03,2014-08-25 21:45:18,NA,NA,NA,NA,NA,NA,NA,NA,NA,NA,4.25
"Mid Cambushinnie","Mid Cambushinnie-2","MG",2014-08-25,11.5,NA,NA,2,500,0.1,"Turbine(s) spinning",2014-08-25 21:45:18,2014-08-25 21:48:56,NA,NA,NA,NA,NA,NA,NA,NA,NA,NA,3.63333333333333
"Mid Cambushinnie","Mid Cambushinnie-2","MG",2014-08-25,11.5,NA,NA,2,400,0,"Turbine(s) spinning",2014-08-25 21:48:56,2014-08-25 21:51:55,NA,NA,NA,NA,NA,NA,NA,NA,NA,NA,2.98333333333333
"Mid Cambushinnie","Mid Cambushinnie-2","MG",2014-08-25,11.5,NA,NA,2,300,3.5,"Turbine(s) spinning",2014-08-25 21:51:55,2014-08-25 21:54:47,NA,NA,NA,NA,NA,NA,NA,NA,NA,NA,2.86666666666667
"Mid Cambushinnie","Mid Cambushinnie-2","MG",2014-08-25,11.5,NA,NA,2,200,4.1,"Turbine(s) spinning",2014-08-25 21:54:47,2014-08-25 21:57:49,NA,NA,NA,NA,NA,NA,NA,NA,NA,NA,3.03333333333333
"Mid Cambushinnie","Mid Cambushinnie-2","MG",2014-08-25,11.5,NA,NA,2,100,1.6,"Turbine(s) spinning",2014-08-25 21:57:49,2014-08-25 22:00:57,NA,NA,NA,NA,NA,NA,NA,NA,NA,NA,3.13333333333333
"Mid Cambushinnie","Mid Cambushinnie-2","MG",2014-08-25,11.5,NA,NA,2,0,4.6,"Turbine(s) spinning",2014-08-25 22:00:57,2014-08-25 22:05:12,NA,NA,NA,NA,NA,NA,NA,NA,NA,NA,4.25
"Mid Cambushinnie","Mid Cambushinnie-2","MG",2014-08-25,11.5,NA,NA,3,0,2.6,"Turbine(s) spinning",2014-08-25 22:01:37,2014-08-25 22:04:35,NA,NA,NA,NA,NA,NA,NA,NA,NA,NA,2.96666666666667
"Mid Cambushinnie","Mid Cambushinnie-2","MG",2014-08-25,11.5,NA,NA,3,100,1.8,"Turbine(s) spinning",2014-08-25 22:04:35,2014-08-25 22:07:38,NA,NA,NA,NA,NA,NA,NA,NA,NA,NA,3.05
"Mid Cambushinnie","Mid Cambushinnie-2","MG",2014-08-25,11.5,NA,NA,3,200,0.5,"Turbine(s) spinning",2014-08-25 22:07:38,2014-08-25 22:11:41,NA,NA,NA,NA,NA,NA,NA,NA,NA,NA,4.05
"Mid Cambushinnie","Mid Cambushinnie-2","MG",2014-08-25,11.5,NA,NA,3,300,0,"Turbine(s) spinning",2014-08-25 22:11:41,2014-08-25 22:15:19,NA,NA,NA,NA,NA,NA,NA,NA,NA,NA,3.63333333333333
"Mid Cambushinnie","Mid Cambushinnie-2","MG",2014-08-25,11.5,NA,NA,3,400,2.1,"Turbine(s) spinning",2014-08-25 22:15:19,2014-08-25 22:18:36,NA,NA,NA,NA,NA,NA,NA,NA,NA,NA,3.28333333333333
"Mid Cambushinnie","Mid Cambushinnie-2","MG",2014-08-25,11.5,NA,NA,3,500,0,"Turbine(s) spinning",2014-08-25 22:18:36,2014-08-25 22:20:49,NA,NA,NA,NA,NA,NA,NA,NA,NA,NA,2.21666666666667
"Mid Cambushinnie","Mid Cambushinnie-2","MG",2014-08-25,11.5,NA,NA,3,600,1.4,"Turbine(s) spinning",2014-08-25 22:20:49,2014-08-25 22:24:52,NA,NA,NA,NA,NA,NA,NA,NA,NA,NA,4.05
"Mid Cambushinnie","Mid Cambushinnie-2","MG",2014-08-25,11.5,NA,NA,4,0,4.2,"Turbine(s) spinning",2014-08-25 22:40:57,2014-08-25 22:43:35,NA,NA,NA,NA,NA,NA,NA,NA,NA,NA,2.63333333333333
"Mid Cambushinnie","Mid Cambushinnie-2","MG",2014-08-25,11.5,NA,NA,4,100,2.1,"Turbine(s) spinning",2014-08-25 22:43:35,2014-08-25 22:46:55,NA,NA,NA,NA,NA,NA,NA,NA,NA,NA,3.33333333333333
"Mid Cambushinnie","Mid Cambushinnie-2","MG",2014-08-25,11.5,NA,NA,4,200,1.1,"Turbine(s) spinning",2014-08-25 22:46:55,2014-08-25 22:49:13,NA,NA,NA,NA,NA,NA,NA,NA,NA,NA,2.3
"Mid Cambushinnie","Mid Cambushinnie-2","MG",2014-08-25,11.5,NA,NA,4,300,1.7,"Turbine(s) spinning",2014-08-25 22:49:13,2014-08-25 22:51:41,NA,NA,NA,NA,NA,NA,NA,NA,NA,NA,2.46666666666667
"Mid Cambushinnie","Mid Cambushinnie-2","MG",2014-08-25,11.5,NA,NA,4,400,3.5,"Turbine(s) spinning",2014-08-25 22:51:41,2014-08-25 22:54:27,NA,NA,NA,NA,NA,NA,NA,NA,NA,NA,2.76666666666667
"Mid Cambushinnie","Mid Cambushinnie-2","MG",2014-08-25,11.5,NA,NA,4,500,1.7,"Turbine(s) spinning",2014-08-25 22:54:27,2014-08-25 22:57:11,NA,NA,NA,NA,NA,NA,NA,NA,NA,NA,2.73333333333333
"Mid Cambushinnie","Mid Cambushinnie-2","MG",2014-08-25,11.5,NA,NA,4,600,4.6,"Turbine(s) spinning",2014-08-25 22:57:11,2014-08-25 22:59:57,NA,NA,NA,NA,NA,NA,NA,NA,NA,NA,2.76666666666667
"Mid Cambushinnie","Mid Cambushinnie-2","MG",2014-08-25,11.5,NA,NA,4,700,5.9,"Turbine(s) spinning",2014-08-25 22:59:57,2014-08-25 23:03:17,NA,NA,NA,NA,NA,NA,NA,NA,NA,NA,3.33333333333333
"Mosshouses","Mosshouses-1","MG",2014-08-05,11,NA,NA,1,0,0,"Turbine(s) spinning",2014-08-05 01:01:25,2014-08-05 01:04:21,NA,NA,NA,NA,NA,NA,NA,NA,NA,NA,2.93333333333333
"Mosshouses","Mosshouses-1","MG",2014-08-05,11,NA,NA,1,100,0,"Turbine(s) spinning",2014-08-05 01:04:21,2014-08-05 01:06:57,NA,NA,NA,NA,NA,NA,NA,NA,NA,NA,2.6
"Mosshouses","Mosshouses-1","MG",2014-08-05,11,NA,NA,1,200,0,"Turbine(s) not spinning",2014-08-05 01:06:57,2014-08-05 01:10:47,NA,NA,NA,NA,NA,NA,NA,NA,NA,NA,3.83333333333333
"Mosshouses","Mosshouses-1","MG",2014-08-05,11,NA,NA,1,300,0,"Turbine(s) not spinning",2014-08-05 01:10:47,2014-08-05 01:13:18,NA,NA,NA,NA,NA,NA,NA,NA,NA,NA,2.51666666666667
"Mosshouses","Mosshouses-1","MG",2014-08-05,11,NA,NA,1,400,0,"Turbine(s) not spinning",2014-08-05 01:13:18,2014-08-05 01:15:43,NA,NA,NA,NA,NA,NA,NA,NA,NA,NA,2.41666666666667
"Mosshouses","Mosshouses-1","MG",2014-08-05,11,NA,NA,1,500,0,"Turbine(s) not spinning",2014-08-05 01:15:43,2014-08-05 01:18:24,NA,NA,NA,NA,NA,NA,NA,NA,NA,NA,2.68333333333333
"Mosshouses","Mosshouses-1","MG",2014-08-05,11,NA,NA,1,600,0,"Turbine(s) not spinning",2014-08-05 01:18:24,2014-08-05 01:20:52,NA,NA,NA,NA,NA,NA,NA,NA,NA,NA,2.46666666666667
"Mosshouses","Mosshouses-1","MG",2014-08-05,11,NA,NA,1,700,0,"Turbine(s) not spinning",2014-08-05 01:20:52,2014-08-05 01:24:42,NA,NA,NA,NA,NA,NA,NA,NA,NA,NA,3.83333333333333
"Mosshouses","Mosshouses-1","MG",2014-08-04,11,NA,NA,2,0,0.1,"Turbine(s) spinning",2014-08-04 23:50:59,2014-08-04 23:53:47,NA,NA,NA,NA,NA,NA,NA,NA,NA,NA,2.8
"Mosshouses","Mosshouses-1","MG",2014-08-04,11,NA,NA,2,100,0,"Turbine(s) spinning",2014-08-04 23:53:47,2014-08-04 23:57:23,NA,NA,NA,NA,NA,NA,NA,NA,NA,NA,3.6
"Mosshouses","Mosshouses-1","MG",2014-08-04,11,NA,NA,2,200,0.9,"Turbine(s) spinning",2014-08-04 23:57:23,2014-08-05 00:01:51,NA,NA,NA,NA,NA,NA,NA,NA,NA,NA,4.46666666666667
"Mosshouses","Mosshouses-1","MG",2014-08-05,11,NA,NA,2,300,0,"Turbine(s) spinning",2014-08-05 00:01:51,2014-08-05 00:06:19,NA,NA,NA,NA,NA,NA,NA,NA,NA,NA,4.46666666666667
"Mosshouses","Mosshouses-1","MG",2014-08-05,11,NA,NA,3,0,0.9,"Turbine(s) spinning",2014-08-05 00:14:41,2014-08-05 00:17:37,NA,NA,NA,NA,NA,NA,NA,NA,NA,NA,2.93333333333333
"Mosshouses","Mosshouses-1","MG",2014-08-05,11,NA,NA,3,100,0.5,"Turbine(s) spinning",2014-08-05 00:17:37,2014-08-05 00:20:16,NA,NA,NA,NA,NA,NA,NA,NA,NA,NA,2.65
"Mosshouses","Mosshouses-1","MG",2014-08-05,11,NA,NA,3,200,0.8,"Turbine(s) spinning",2014-08-05 00:20:16,2014-08-05 00:23:03,NA,NA,NA,NA,NA,NA,NA,NA,NA,NA,2.78333333333333
"Mosshouses","Mosshouses-1","MG",2014-08-05,11,NA,NA,3,300,1.1,"Turbine(s) spinning",2014-08-05 00:23:03,2014-08-05 00:26:04,NA,NA,NA,NA,NA,NA,NA,NA,NA,NA,3.01666666666667
"Mosshouses","Mosshouses-1","MG",2014-08-05,11,NA,NA,3,400,1,"Turbine(s) spinning",2014-08-05 00:26:04,2014-08-05 00:29:05,NA,NA,NA,NA,NA,NA,NA,NA,NA,NA,3.01666666666667
"Mosshouses","Mosshouses-1","MG",2014-08-05,11,NA,NA,4,0,0.4,"Turbine(s) spinning",2014-08-05 00:34:57,2014-08-05 00:38:09,NA,NA,NA,NA,NA,NA,NA,NA,NA,NA,3.2
"Mosshouses","Mosshouses-1","MG",2014-08-05,11,NA,NA,4,100,0.5,"Turbine(s) spinning",2014-08-05 00:38:09,2014-08-05 00:40:44,NA,NA,NA,NA,NA,NA,NA,NA,NA,NA,2.58333333333333
"Mosshouses","Mosshouses-1","MG",2014-08-05,11,NA,NA,4,200,0.9,"Turbine(s) spinning",2014-08-05 00:40:44,2014-08-05 00:43:59,NA,NA,NA,NA,NA,NA,NA,NA,NA,NA,3.25
"Mosshouses","Mosshouses-1","MG",2014-08-05,11,NA,NA,4,300,0,"Turbine(s) spinning",2014-08-05 00:43:59,2014-08-05 00:46:32,NA,NA,NA,NA,NA,NA,NA,NA,NA,NA,2.55
"Mosshouses","Mosshouses-1","MG",2014-08-05,11,NA,NA,4,400,0,"Turbine(s) spinning",2014-08-05 00:46:32,2014-08-05 00:49:11,NA,NA,NA,NA,NA,NA,NA,NA,NA,NA,2.65
"Mosshouses","Mosshouses-1","MG",2014-08-05,11,NA,NA,4,500,0,"Turbine(s) spinning",2014-08-05 00:49:11,2014-08-05 00:51:43,NA,NA,NA,NA,NA,NA,NA,NA,NA,NA,2.53333333333333
"Mosshouses","Mosshouses-1","MG",2014-08-05,11,NA,NA,4,600,0,"Turbine(s) spinning",2014-08-05 00:51:43,2014-08-05 00:54:58,NA,NA,NA,NA,NA,NA,NA,NA,NA,NA,3.25
"Mosshouses","Mosshouses-2","MG",2014-09-03,14,NA,NA,1,0,0,"Turbine(s) spinning",2014-09-03 21:29:26,2014-09-03 21:32:11,NA,NA,NA,NA,NA,NA,NA,NA,NA,NA,2.75
"Mosshouses","Mosshouses-2","MG",2014-09-03,14,NA,NA,1,100,0,"Turbine(s) spinning",2014-09-03 21:32:11,2014-09-03 21:34:49,NA,NA,NA,NA,NA,NA,NA,NA,NA,NA,2.63333333333333
"Mosshouses","Mosshouses-2","MG",2014-09-03,14,NA,NA,1,200,0,"Turbine(s) spinning",2014-09-03 21:34:49,2014-09-03 21:37:34,NA,NA,NA,NA,NA,NA,NA,NA,NA,NA,2.75
"Mosshouses","Mosshouses-2","MG",2014-09-03,14,NA,NA,1,300,0,"Turbine(s) spinning",2014-09-03 21:37:34,2014-09-03 21:39:56,NA,NA,NA,NA,NA,NA,NA,NA,NA,NA,2.36666666666667
"Mosshouses","Mosshouses-2","MG",2014-09-03,14,NA,NA,1,400,0,"Turbine(s) spinning",2014-09-03 21:39:56,2014-09-03 21:42:49,NA,NA,NA,NA,NA,NA,NA,NA,NA,NA,2.88333333333333
"Mosshouses","Mosshouses-2","MG",2014-09-03,14,NA,NA,1,500,0,"Turbine(s) spinning",2014-09-03 21:42:49,2014-09-03 21:45:32,NA,NA,NA,NA,NA,NA,NA,NA,NA,NA,2.71666666666667
"Mosshouses","Mosshouses-2","MG",2014-09-03,14,NA,NA,1,600,0,"Turbine(s) spinning",2014-09-03 21:45:32,2014-09-03 21:48:33,NA,NA,NA,NA,NA,NA,NA,NA,NA,NA,3.01666666666667
"Mosshouses","Mosshouses-2","MG",2014-09-03,14,NA,NA,1,700,0,"Turbine(s) spinning",2014-09-03 21:48:33,2014-09-03 21:51:34,NA,NA,NA,NA,NA,NA,NA,NA,NA,NA,3.01666666666667
"Mosshouses","Mosshouses-2","MG",2014-09-03,14,NA,NA,3,0,0,"Turbine(s) not spinning",2014-09-03 20:48:15,2014-09-03 20:50:49,NA,NA,NA,NA,NA,NA,NA,NA,NA,NA,2.56666666666667
"Mosshouses","Mosshouses-2","MG",2014-09-03,14,NA,NA,3,100,0,"Turbine(s) not spinning",2014-09-03 20:50:49,2014-09-03 20:53:50,NA,NA,NA,NA,NA,NA,NA,NA,NA,NA,3.01666666666667
"Mosshouses","Mosshouses-2","MG",2014-09-03,14,NA,NA,3,200,0,"Turbine(s) not spinning",2014-09-03 20:53:50,2014-09-03 20:56:24,NA,NA,NA,NA,NA,NA,NA,NA,NA,NA,2.56666666666667
"Mosshouses","Mosshouses-2","MG",2014-09-03,14,NA,NA,3,300,0,"Turbine(s) not spinning",2014-09-03 20:56:24,2014-09-03 20:58:50,NA,NA,NA,NA,NA,NA,NA,NA,NA,NA,2.43333333333333
"Mosshouses","Mosshouses-2","MG",2014-09-03,14,NA,NA,3,400,0,"Turbine(s) not spinning",2014-09-03 20:58:50,2014-09-03 21:01:51,NA,NA,NA,NA,NA,NA,NA,NA,NA,NA,3.01666666666667
"Mosshouses","Mosshouses-2","MG",2014-09-03,14,NA,NA,4,0,0,"Turbine(s) not spinning",2014-09-03 21:04:45,2014-09-03 21:07:27,NA,NA,NA,NA,NA,NA,NA,NA,NA,NA,2.7
"Mosshouses","Mosshouses-2","MG",2014-09-03,14,NA,NA,4,100,0,"Turbine(s) not spinning",2014-09-03 21:07:27,2014-09-03 21:10:05,NA,NA,NA,NA,NA,NA,NA,NA,NA,NA,2.63333333333333
"Mosshouses","Mosshouses-2","MG",2014-09-03,14,NA,NA,4,200,0,"Turbine(s) not spinning",2014-09-03 21:10:05,2014-09-03 21:12:59,NA,NA,NA,NA,NA,NA,NA,NA,NA,NA,2.9
"Mosshouses","Mosshouses-2","MG",2014-09-03,14,NA,NA,4,300,0,"Turbine(s) not spinning",2014-09-03 21:12:59,2014-09-03 21:15:34,NA,NA,NA,NA,NA,NA,NA,NA,NA,NA,2.58333333333333
"Mosshouses","Mosshouses-2","MG",2014-09-03,14,NA,NA,4,400,0,"Turbine(s) not spinning",2014-09-03 21:15:34,2014-09-03 21:18:08,NA,NA,NA,NA,NA,NA,NA,NA,NA,NA,2.56666666666667
"Mosshouses","Mosshouses-2","MG",2014-09-03,14,NA,NA,4,500,0,"Turbine(s) not spinning",2014-09-03 21:18:08,2014-09-03 21:20:45,NA,NA,NA,NA,NA,NA,NA,NA,NA,NA,2.61666666666667
"Mosshouses","Mosshouses-2","MG",2014-09-03,14,NA,NA,4,600,0,"Turbine(s) not spinning",2014-09-03 21:20:45,2014-09-03 21:23:39,NA,NA,NA,NA,NA,NA,NA,NA,NA,NA,2.9
"Nisbet Hill","Nisbet Hill-1","MG",2014-07-29,12.5,NA,NA,1,0,2.2,"Turbine(s) spinning",2014-07-29 22:25:52,2014-07-29 22:28:49,NA,NA,NA,NA,NA,NA,NA,NA,NA,NA,2.95
"Nisbet Hill","Nisbet Hill-1","MG",2014-07-29,12.5,NA,NA,1,100,0,"Turbine(s) spinning",2014-07-29 22:28:49,2014-07-29 22:32:26,NA,NA,NA,NA,NA,NA,NA,NA,NA,NA,3.61666666666667
"Nisbet Hill","Nisbet Hill-1","MG",2014-07-29,12.5,NA,NA,1,200,0.1,"Turbine(s) spinning",2014-07-29 22:32:26,2014-07-29 22:36:08,NA,NA,NA,NA,NA,NA,NA,NA,NA,NA,3.7
"Nisbet Hill","Nisbet Hill-1","MG",2014-07-29,12.5,NA,NA,1,300,0,"Turbine(s) spinning",2014-07-29 22:36:08,2014-07-29 22:39:02,NA,NA,NA,NA,NA,NA,NA,NA,NA,NA,2.9
"Nisbet Hill","Nisbet Hill-1","MG",2014-07-29,12.5,NA,NA,1,400,1.4,"Turbine(s) spinning",2014-07-29 22:39:02,2014-07-29 22:41:58,NA,NA,NA,NA,NA,NA,NA,NA,NA,NA,2.93333333333333
"Nisbet Hill","Nisbet Hill-1","MG",2014-07-29,12.5,NA,NA,1,500,1.1,"Turbine(s) spinning",2014-07-29 22:41:58,2014-07-29 22:45:40,NA,NA,NA,NA,NA,NA,NA,NA,NA,NA,3.7
"Nisbet Hill","Nisbet Hill-1","MG",2014-07-29,12.5,NA,NA,2,0,1.5,"Turbine(s) spinning",2014-07-29 23:05:24,2014-07-29 23:08:10,NA,NA,NA,NA,NA,NA,NA,NA,NA,NA,2.76666666666667
"Nisbet Hill","Nisbet Hill-1","MG",2014-07-29,12.5,NA,NA,2,100,0.4,"Turbine(s) spinning",2014-07-29 23:08:10,2014-07-29 23:10:46,NA,NA,NA,NA,NA,NA,NA,NA,NA,NA,2.6
"Nisbet Hill","Nisbet Hill-1","MG",2014-07-29,12.5,NA,NA,2,200,0,"Turbine(s) spinning",2014-07-29 23:10:46,2014-07-29 23:13:57,NA,NA,NA,NA,NA,NA,NA,NA,NA,NA,3.18333333333333
"Nisbet Hill","Nisbet Hill-1","MG",2014-07-29,12.5,NA,NA,2,300,0,"Turbine(s) spinning",2014-07-29 23:13:57,2014-07-29 23:16:39,NA,NA,NA,NA,NA,NA,NA,NA,NA,NA,2.7
"Nisbet Hill","Nisbet Hill-1","MG",2014-07-29,12.5,NA,NA,2,400,0,"Turbine(s) spinning",2014-07-29 23:16:39,2014-07-29 23:19:56,NA,NA,NA,NA,NA,NA,NA,NA,NA,NA,3.28333333333333
"Nisbet Hill","Nisbet Hill-1","MG",2014-07-29,12.5,NA,NA,2,500,0,"Turbine(s) spinning",2014-07-29 23:19:56,2014-07-29 23:22:18,NA,NA,NA,NA,NA,NA,NA,NA,NA,NA,2.36666666666667
"Nisbet Hill","Nisbet Hill-1","MG",2014-07-29,12.5,NA,NA,2,600,0,"Turbine(s) spinning",2014-07-29 23:22:18,2014-07-29 23:24:55,NA,NA,NA,NA,NA,NA,NA,NA,NA,NA,2.61666666666667
"Nisbet Hill","Nisbet Hill-1","MG",2014-07-29,12.5,NA,NA,2,700,0,"Turbine(s) spinning",2014-07-29 23:24:55,2014-07-29 23:28:12,NA,NA,NA,NA,NA,NA,NA,NA,NA,NA,3.28333333333333
"Nisbet Hill","Nisbet Hill-1","MG",2014-07-29,12.5,NA,NA,3,0,0.2,"Turbine(s) spinning",2014-07-29 21:58:09,2014-07-29 22:00:44,NA,NA,NA,NA,NA,NA,NA,NA,NA,NA,2.58333333333333
"Nisbet Hill","Nisbet Hill-1","MG",2014-07-29,12.5,NA,NA,3,100,0.3,"Turbine(s) spinning",2014-07-29 22:00:44,2014-07-29 22:03:32,NA,NA,NA,NA,NA,NA,NA,NA,NA,NA,2.8
"Nisbet Hill","Nisbet Hill-1","MG",2014-07-29,12.5,NA,NA,3,200,0,"Turbine(s) spinning",2014-07-29 22:03:32,2014-07-29 22:06:46,NA,NA,NA,NA,NA,NA,NA,NA,NA,NA,3.23333333333333
"Nisbet Hill","Nisbet Hill-1","MG",2014-07-29,12.5,NA,NA,3,300,0.4,"Turbine(s) spinning",2014-07-29 22:06:46,2014-07-29 22:09:45,NA,NA,NA,NA,NA,NA,NA,NA,NA,NA,2.98333333333333
"Nisbet Hill","Nisbet Hill-1","MG",2014-07-29,12.5,NA,NA,3,400,0.6,"Turbine(s) spinning",2014-07-29 22:09:45,2014-07-29 22:12:51,NA,NA,NA,NA,NA,NA,NA,NA,NA,NA,3.1
"Nisbet Hill","Nisbet Hill-1","MG",2014-07-29,12.5,NA,NA,3,500,0.6,"Turbine(s) spinning",2014-07-29 22:12:51,2014-07-29 22:16:07,NA,NA,NA,NA,NA,NA,NA,NA,NA,NA,3.26666666666667
"Nisbet Hill","Nisbet Hill-1","MG",2014-07-29,12.5,NA,NA,3,600,0.3,"Turbine(s) spinning",2014-07-29 22:16:07,2014-07-29 22:19:23,NA,NA,NA,NA,NA,NA,NA,NA,NA,NA,3.26666666666667
"Nisbet Hill","Nisbet Hill-2","MG",2014-08-28,11.5,NA,NA,1,0,0.5,"Turbine(s) spinning",2014-08-28 20:50:12,2014-08-28 20:52:57,NA,NA,NA,NA,NA,NA,NA,NA,NA,NA,2.75
"Nisbet Hill","Nisbet Hill-2","MG",2014-08-28,11.5,NA,NA,1,100,1.1,"Turbine(s) spinning",2014-08-28 20:52:57,2014-08-28 20:56:06,NA,NA,NA,NA,NA,NA,NA,NA,NA,NA,3.15
"Nisbet Hill","Nisbet Hill-2","MG",2014-08-28,11.5,NA,NA,1,200,0,"Turbine(s) spinning",2014-08-28 20:56:06,2014-08-28 20:59:21,NA,NA,NA,NA,NA,NA,NA,NA,NA,NA,3.25
"Nisbet Hill","Nisbet Hill-2","MG",2014-08-28,11.5,NA,NA,1,300,0,"Turbine(s) spinning",2014-08-28 20:59:21,2014-08-28 21:02:17,NA,NA,NA,NA,NA,NA,NA,NA,NA,NA,2.93333333333333
"Nisbet Hill","Nisbet Hill-2","MG",2014-08-28,11.5,NA,NA,1,400,0,"Turbine(s) spinning",2014-08-28 21:02:17,2014-08-28 21:05:21,NA,NA,NA,NA,NA,NA,NA,NA,NA,NA,3.06666666666667
"Nisbet Hill","Nisbet Hill-2","MG",2014-08-28,11.5,NA,NA,1,500,0,"Turbine(s) spinning",2014-08-28 21:05:21,2014-08-28 21:08:36,NA,NA,NA,NA,NA,NA,NA,NA,NA,NA,3.25
"Nisbet Hill","Nisbet Hill-2","MG",2014-08-28,11.5,NA,NA,2,0,1.3,"Turbine(s) spinning",2014-08-28 21:50:22,2014-08-28 21:53:09,NA,NA,NA,NA,NA,NA,NA,NA,NA,NA,2.78333333333333
"Nisbet Hill","Nisbet Hill-2","MG",2014-08-28,11.5,NA,NA,2,100,0.1,"Turbine(s) spinning",2014-08-28 21:53:09,2014-08-28 21:55:52,NA,NA,NA,NA,NA,NA,NA,NA,NA,NA,2.71666666666667
"Nisbet Hill","Nisbet Hill-2","MG",2014-08-28,11.5,NA,NA,2,200,0,"Turbine(s) spinning",2014-08-28 21:55:52,2014-08-28 21:58:30,NA,NA,NA,NA,NA,NA,NA,NA,NA,NA,2.63333333333333
"Nisbet Hill","Nisbet Hill-2","MG",2014-08-28,11.5,NA,NA,2,300,0,"Turbine(s) spinning",2014-08-28 21:58:30,2014-08-28 22:01:11,NA,NA,NA,NA,NA,NA,NA,NA,NA,NA,2.68333333333333
"Nisbet Hill","Nisbet Hill-2","MG",2014-08-28,11.5,NA,NA,2,400,0.2,"Turbine(s) spinning",2014-08-28 22:01:11,2014-08-28 22:03:44,NA,NA,NA,NA,NA,NA,NA,NA,NA,NA,2.55
"Nisbet Hill","Nisbet Hill-2","MG",2014-08-28,11.5,NA,NA,2,500,0,"Turbine(s) spinning",2014-08-28 22:03:44,2014-08-28 22:06:25,NA,NA,NA,NA,NA,NA,NA,NA,NA,NA,2.68333333333333
"Nisbet Hill","Nisbet Hill-2","MG",2014-08-28,11.5,NA,NA,2,600,0,"Turbine(s) spinning",2014-08-28 22:06:25,2014-08-28 22:09:06,NA,NA,NA,NA,NA,NA,NA,NA,NA,NA,2.68333333333333
"Nisbet Hill","Nisbet Hill-2","MG",2014-08-28,11.5,NA,NA,2,700,0,"Turbine(s) spinning",2014-08-28 22:09:06,2014-08-28 22:11:53,NA,NA,NA,NA,NA,NA,NA,NA,NA,NA,2.78333333333333
"Nisbet Hill","Nisbet Hill-2","MG",2014-08-28,11.5,NA,NA,3,0,0.9,"Turbine(s) spinning",2014-08-28 21:22:47,2014-08-28 21:25:22,NA,NA,NA,NA,NA,NA,NA,NA,NA,NA,2.58333333333333
"Nisbet Hill","Nisbet Hill-2","MG",2014-08-28,11.5,NA,NA,3,100,0,"Turbine(s) spinning",2014-08-28 21:25:22,2014-08-28 21:28:09,NA,NA,NA,NA,NA,NA,NA,NA,NA,NA,2.78333333333333
"Nisbet Hill","Nisbet Hill-2","MG",2014-08-28,11.5,NA,NA,3,200,0.6,"Turbine(s) spinning",2014-08-28 21:28:09,2014-08-28 21:31:02,NA,NA,NA,NA,NA,NA,NA,NA,NA,NA,2.88333333333333
"Nisbet Hill","Nisbet Hill-2","MG",2014-08-28,11.5,NA,NA,3,300,1.6,"Turbine(s) spinning",2014-08-28 21:31:02,2014-08-28 21:33:42,NA,NA,NA,NA,NA,NA,NA,NA,NA,NA,2.66666666666667
"Nisbet Hill","Nisbet Hill-2","MG",2014-08-28,11.5,NA,NA,3,400,2.3,"Turbine(s) spinning",2014-08-28 21:33:42,2014-08-28 21:36:29,NA,NA,NA,NA,NA,NA,NA,NA,NA,NA,2.78333333333333
"Nisbet Hill","Nisbet Hill-2","MG",2014-08-28,11.5,NA,NA,3,500,1.8,"Turbine(s) spinning",2014-08-28 21:36:29,2014-08-28 21:39:37,NA,NA,NA,NA,NA,NA,NA,NA,NA,NA,3.13333333333333
"Nisbet Hill","Nisbet Hill-2","MG",2014-08-28,11.5,NA,NA,3,600,1.7,"Turbine(s) spinning",2014-08-28 21:39:37,2014-08-28 21:42:45,NA,NA,NA,NA,NA,NA,NA,NA,NA,NA,3.13333333333333
"Wester Essendy","Wester Essendy-1","MG",2014-07-07,12,NA,NA,1,0,0,"Turbines not spinning",2014-07-07 23:23:57,2014-07-07 23:29:37,NA,NA,NA,NA,NA,NA,NA,NA,NA,NA,5.66666666666667
"Wester Essendy","Wester Essendy-1","MG",2014-07-07,12,NA,NA,1,100,0,"Turbines not spinning",2014-07-07 23:29:37,2014-07-07 23:33:53,NA,NA,NA,NA,NA,NA,NA,NA,NA,NA,4.26666666666667
"Wester Essendy","Wester Essendy-1","MG",2014-07-07,12,NA,NA,1,200,0,"Turbines not spinning",2014-07-07 23:33:53,2014-07-07 23:38:16,NA,NA,NA,NA,NA,NA,NA,NA,NA,NA,4.38333333333333
"Wester Essendy","Wester Essendy-1","MG",2014-07-07,12,NA,NA,1,300,0,"Turbines not spinning",2014-07-07 23:38:16,2014-07-07 23:42:02,NA,NA,NA,NA,NA,NA,NA,NA,NA,NA,3.76666666666667
"Wester Essendy","Wester Essendy-1","MG",2014-07-07,12,NA,NA,1,400,0,"Turbines not spinning",2014-07-07 23:42:02,2014-07-07 23:46:07,NA,NA,NA,NA,NA,NA,NA,NA,NA,NA,4.08333333333333
"Wester Essendy","Wester Essendy-1","MG",2014-07-07,12,NA,NA,1,500,0,"Turbines not spinning",2014-07-07 23:46:07,2014-07-07 23:52:03,NA,NA,NA,NA,NA,NA,NA,NA,NA,NA,5.93333333333333
"Wester Essendy","Wester Essendy-1","MG",2014-07-07,12,NA,NA,1,600,0,"Turbines not spinning",2014-07-07 23:52:03,2014-07-07 23:54:33,NA,NA,NA,NA,NA,NA,NA,NA,NA,NA,2.5
"Wester Essendy","Wester Essendy-1","MG",2014-07-07,12,NA,NA,1,650,0.1,"Turbines not spinning",2014-07-07 23:54:33,2014-07-08 00:00:29,NA,NA,NA,NA,NA,NA,NA,NA,NA,NA,5.93333333333333
"Wester Essendy","Wester Essendy-1","MG",2014-07-07,12,NA,NA,2,0,0,"Turbines not spinning",2014-07-07 22:46:00,2014-07-07 22:50:36,NA,NA,NA,NA,NA,NA,NA,NA,NA,NA,4.6
"Wester Essendy","Wester Essendy-1","MG",2014-07-07,12,NA,NA,2,100,0.1,"Turbines not spinning",2014-07-07 22:50:36,2014-07-07 22:55:16,NA,NA,NA,NA,NA,NA,NA,NA,NA,NA,4.66666666666667
"Wester Essendy","Wester Essendy-1","MG",2014-07-07,12,NA,NA,2,200,0,"Turbines not spinning",2014-07-07 22:55:16,2014-07-07 23:01:13,NA,NA,NA,NA,NA,NA,NA,NA,NA,NA,5.95
"Wester Essendy","Wester Essendy-1","MG",2014-07-07,12,NA,NA,2,300,0,"Turbines not spinning",2014-07-07 23:01:13,2014-07-07 23:06:54,NA,NA,NA,NA,NA,NA,NA,NA,NA,NA,5.68333333333333
"Wester Essendy","Wester Essendy-1","MG",2014-07-07,12,NA,NA,2,400,0,"Turbines not spinning",2014-07-07 23:06:54,2014-07-07 23:14:13,NA,NA,NA,NA,NA,NA,NA,NA,NA,NA,7.31666666666667
"Wester Essendy","Wester Essendy-1","MG",2014-07-07,12,NA,NA,2,500,0,"Turbines not spinning",2014-07-07 23:14:13,2014-07-07 23:21:32,NA,NA,NA,NA,NA,NA,NA,NA,NA,NA,7.31666666666667
"Wester Essendy","Wester Essendy-1","MG",2014-07-07,12,NA,NA,3,0,0,"Turbines not spinning",2014-07-07 23:10:39,2014-07-07 23:13:17,NA,NA,NA,NA,NA,NA,NA,NA,NA,NA,2.63333333333333
"Wester Essendy","Wester Essendy-1","MG",2014-07-07,12,NA,NA,3,100,0,"Turbines not spinning",2014-07-07 23:13:17,2014-07-07 23:16:30,NA,NA,NA,NA,NA,NA,NA,NA,NA,NA,3.21666666666667
"Wester Essendy","Wester Essendy-1","MG",2014-07-07,12,NA,NA,3,200,0,"Turbines not spinning",2014-07-07 23:16:30,2014-07-07 23:19:42,NA,NA,NA,NA,NA,NA,NA,NA,NA,NA,3.2
"Wester Essendy","Wester Essendy-1","MG",2014-07-07,12,NA,NA,3,300,0,"Turbines not spinning",2014-07-07 23:19:42,2014-07-07 23:22:57,NA,NA,NA,NA,NA,NA,NA,NA,NA,NA,3.25
"Wester Essendy","Wester Essendy-1","MG",2014-07-07,12,NA,NA,3,400,0,"Turbines not spinning",2014-07-07 23:22:57,2014-07-07 23:26:16,NA,NA,NA,NA,NA,NA,NA,NA,NA,NA,3.31666666666667
"Wester Essendy","Wester Essendy-1","MG",2014-07-07,12,NA,NA,3,500,0,"Turbines not spinning",2014-07-07 23:26:16,2014-07-07 23:30:06,NA,NA,NA,NA,NA,NA,NA,NA,NA,NA,3.83333333333333
"Wester Essendy","Wester Essendy-1","MG",2014-07-07,12,NA,NA,3,600,0,"Turbines not spinning",2014-07-07 23:30:06,2014-07-07 23:33:56,NA,NA,NA,NA,NA,NA,NA,NA,NA,NA,3.83333333333333
"Wester Essendy","Wester Essendy-1","MG",2014-07-07,12,NA,NA,4,0,0,"Turbines not spinning",2014-07-07 22:47:04,2014-07-07 22:51:23,NA,NA,NA,NA,NA,NA,NA,NA,NA,NA,4.31666666666667
"Wester Essendy","Wester Essendy-1","MG",2014-07-07,12,NA,NA,4,100,0,"Turbines not spinning",2014-07-07 22:51:23,2014-07-07 22:54:36,NA,NA,NA,NA,NA,NA,NA,NA,NA,NA,3.21666666666667
"Wester Essendy","Wester Essendy-1","MG",2014-07-07,12,NA,NA,4,200,0,"Turbines not spinning",2014-07-07 22:54:36,2014-07-07 22:58:58,NA,NA,NA,NA,NA,NA,NA,NA,NA,NA,4.36666666666667
"Wester Essendy","Wester Essendy-1","MG",2014-07-07,12,NA,NA,4,300,0,"Turbines not spinning",2014-07-07 22:58:58,2014-07-07 23:03:20,NA,NA,NA,NA,NA,NA,NA,NA,NA,NA,4.36666666666667
"Wester Essendy","Wester Essendy-2","MG",2014-08-26,9.5,NA,NA,1,0,3.1,"Turbine(s) spinning",2014-08-26 00:21:19,2014-08-26 00:23:59,NA,NA,NA,NA,NA,NA,NA,NA,NA,NA,2.66666666666667
"Wester Essendy","Wester Essendy-2","MG",2014-08-26,9.5,NA,NA,1,100,2.1,"Turbine(s) spinning",2014-08-26 00:23:59,2014-08-26 00:26:44,NA,NA,NA,NA,NA,NA,NA,NA,NA,NA,2.75
"Wester Essendy","Wester Essendy-2","MG",2014-08-26,9.5,NA,NA,1,200,0.8,"Turbine(s) spinning",2014-08-26 00:26:44,2014-08-26 00:30:59,NA,NA,NA,NA,NA,NA,NA,NA,NA,NA,4.25
"Wester Essendy","Wester Essendy-2","MG",2014-08-26,9.5,NA,NA,1,300,0,"Turbine(s) spinning",2014-08-26 00:30:59,2014-08-26 00:33:32,NA,NA,NA,NA,NA,NA,NA,NA,NA,NA,2.55
"Wester Essendy","Wester Essendy-2","MG",2014-08-26,9.5,NA,NA,1,400,0,"Turbine(s) spinning",2014-08-26 00:33:32,2014-08-26 00:36:03,NA,NA,NA,NA,NA,NA,NA,NA,NA,NA,2.51666666666667
"Wester Essendy","Wester Essendy-2","MG",2014-08-26,9.5,NA,NA,1,500,1.7,"Turbine(s) spinning",2014-08-26 00:36:03,2014-08-26 00:39:23,NA,NA,NA,NA,NA,NA,NA,NA,NA,NA,3.33333333333333
"Wester Essendy","Wester Essendy-2","MG",2014-08-26,9.5,NA,NA,1,600,0,"Turbine(s) spinning",2014-08-26 00:39:23,2014-08-26 00:43:38,NA,NA,NA,NA,NA,NA,NA,NA,NA,NA,4.25
"Wester Essendy","Wester Essendy-2","MG",2014-08-26,9.5,NA,NA,2,0,2.4,"Turbine(s) spinning",2014-08-26 00:53:14,2014-08-26 00:55:52,NA,NA,NA,NA,NA,NA,NA,NA,NA,NA,2.63333333333333
"Wester Essendy","Wester Essendy-2","MG",2014-08-26,9.5,NA,NA,2,100,0.3,"Turbine(s) spinning",2014-08-26 00:55:52,2014-08-26 00:58:29,NA,NA,NA,NA,NA,NA,NA,NA,NA,NA,2.61666666666667
"Wester Essendy","Wester Essendy-2","MG",2014-08-26,9.5,NA,NA,2,200,0.1,"Turbine(s) spinning",2014-08-26 00:58:29,2014-08-26 01:01:06,NA,NA,NA,NA,NA,NA,NA,NA,NA,NA,2.61666666666667
"Wester Essendy","Wester Essendy-2","MG",2014-08-26,9.5,NA,NA,2,300,0.1,"Turbine(s) spinning",2014-08-26 01:01:06,2014-08-26 01:03:38,NA,NA,NA,NA,NA,NA,NA,NA,NA,NA,2.53333333333333
"Wester Essendy","Wester Essendy-2","MG",2014-08-26,9.5,NA,NA,2,400,0.2,"Turbine(s) spinning",2014-08-26 01:03:38,2014-08-26 01:06:07,NA,NA,NA,NA,NA,NA,NA,NA,NA,NA,2.48333333333333
"Wester Essendy","Wester Essendy-2","MG",2014-08-26,9.5,NA,NA,2,500,0,"Turbine(s) spinning",2014-08-26 01:06:07,2014-08-26 01:08:45,NA,NA,NA,NA,NA,NA,NA,NA,NA,NA,2.63333333333333
"Wester Essendy","Wester Essendy-2","MG",2014-08-26,9.5,NA,NA,3,0,1.5,"Turbine(s) spinning",2014-08-26 01:33:25,2014-08-26 01:36:04,NA,NA,NA,NA,NA,NA,NA,NA,NA,NA,2.65
"Wester Essendy","Wester Essendy-2","MG",2014-08-26,9.5,NA,NA,3,100,0,"Turbine(s) spinning",2014-08-26 01:36:04,2014-08-26 01:38:51,NA,NA,NA,NA,NA,NA,NA,NA,NA,NA,2.78333333333333
"Wester Essendy","Wester Essendy-2","MG",2014-08-26,9.5,NA,NA,3,200,0.4,"Turbine(s) spinning",2014-08-26 01:38:51,2014-08-26 01:41:37,NA,NA,NA,NA,NA,NA,NA,NA,NA,NA,2.76666666666667
"Wester Essendy","Wester Essendy-2","MG",2014-08-26,9.5,NA,NA,3,300,0.1,"Turbine(s) spinning",2014-08-26 01:41:37,2014-08-26 01:44:18,NA,NA,NA,NA,NA,NA,NA,NA,NA,NA,2.68333333333333
"Wester Essendy","Wester Essendy-2","MG",2014-08-26,9.5,NA,NA,3,400,0.6,"Turbine(s) spinning",2014-08-26 01:44:18,2014-08-26 01:46:51,NA,NA,NA,NA,NA,NA,NA,NA,NA,NA,2.55
"Wester Essendy","Wester Essendy-2","MG",2014-08-26,9.5,NA,NA,3,500,0,"Turbine(s) spinning",2014-08-26 01:46:51,2014-08-26 01:50:17,NA,NA,NA,NA,NA,NA,NA,NA,NA,NA,3.43333333333333
"Wester Essendy","Wester Essendy-2","MG",2014-08-26,9.5,NA,NA,3,600,0,"Turbine(s) spinning",2014-08-26 01:50:17,2014-08-26 01:53:43,NA,NA,NA,NA,NA,NA,NA,NA,NA,NA,3.43333333333333
"Wester Essendy","Wester Essendy-2","MG",2014-08-26,9.5,NA,NA,4,0,3.4,"Turbine(s) spinning",2014-08-26 01:14:59,2014-08-26 01:17:41,NA,NA,NA,NA,NA,NA,NA,NA,NA,NA,2.7
"Wester Essendy","Wester Essendy-2","MG",2014-08-26,9.5,NA,NA,4,100,0.5,"Turbine(s) spinning",2014-08-26 01:17:41,2014-08-26 01:20:37,NA,NA,NA,NA,NA,NA,NA,NA,NA,NA,2.93333333333333
"Wester Essendy","Wester Essendy-2","MG",2014-08-26,9.5,NA,NA,4,200,0,"Turbine(s) spinning",2014-08-26 01:20:37,2014-08-26 01:23:39,NA,NA,NA,NA,NA,NA,NA,NA,NA,NA,3.03333333333333
"Wester Essendy","Wester Essendy-2","MG",2014-08-26,9.5,NA,NA,4,300,0,"Turbine(s) spinning",2014-08-26 01:23:39,2014-08-26 01:26:41,NA,NA,NA,NA,NA,NA,NA,NA,NA,NA,3.03333333333333
"Whitehills","Whitehills-1","MG",2014-07-30,11.5,NA,NA,1,500,0.8,"Turbine(s) spinning",2014-07-30 01:14:43,2014-07-30 01:17:39,NA,NA,NA,NA,NA,NA,NA,NA,NA,NA,2.93333333333333
"Whitehills","Whitehills-1","MG",2014-07-30,11.5,NA,NA,1,400,0.5,"Turbine(s) spinning",2014-07-30 01:17:39,2014-07-30 01:20:25,NA,NA,NA,NA,NA,NA,NA,NA,NA,NA,2.76666666666667
"Whitehills","Whitehills-1","MG",2014-07-30,11.5,NA,NA,1,300,0.5,"Turbine(s) spinning",2014-07-30 01:20:25,2014-07-30 01:23:29,NA,NA,NA,NA,NA,NA,NA,NA,NA,NA,3.06666666666667
"Whitehills","Whitehills-1","MG",2014-07-30,11.5,NA,NA,1,200,1.4,"Turbine(s) spinning",2014-07-30 01:23:29,2014-07-30 01:26:21,NA,NA,NA,NA,NA,NA,NA,NA,NA,NA,2.86666666666667
"Whitehills","Whitehills-1","MG",2014-07-30,11.5,NA,NA,1,100,1.4,"Turbine(s) spinning",2014-07-30 01:26:21,2014-07-30 01:29:23,NA,NA,NA,NA,NA,NA,NA,NA,NA,NA,3.03333333333333
"Whitehills","Whitehills-1","MG",2014-07-30,11.5,NA,NA,1,0,0,"Turbine(s) spinning",2014-07-30 01:29:23,2014-07-30 01:32:27,NA,NA,NA,NA,NA,NA,NA,NA,NA,NA,3.06666666666667
"Whitehills","Whitehills-1","MG",2014-07-30,11.5,NA,NA,2,0,1.4,"Turbine(s) spinning",2014-07-30 01:31:46,2014-07-30 01:35:55,NA,NA,NA,NA,NA,NA,NA,NA,NA,NA,4.15
"Whitehills","Whitehills-1","MG",2014-07-30,11.5,NA,NA,2,100,1.2,"Turbine(s) spinning",2014-07-30 01:35:55,2014-07-30 01:39:21,NA,NA,NA,NA,NA,NA,NA,NA,NA,NA,3.43333333333333
"Whitehills","Whitehills-1","MG",2014-07-30,11.5,NA,NA,2,200,1.8,"Turbine(s) spinning",2014-07-30 01:39:21,2014-07-30 01:42:34,NA,NA,NA,NA,NA,NA,NA,NA,NA,NA,3.21666666666667
"Whitehills","Whitehills-1","MG",2014-07-30,11.5,NA,NA,2,300,0.8,"Turbine(s) spinning",2014-07-30 01:42:34,2014-07-30 01:46:43,NA,NA,NA,NA,NA,NA,NA,NA,NA,NA,4.15
"Whitehills","Whitehills-1","MG",2014-07-30,11.5,NA,NA,3,0,1.7,"Turbine(s) spinning",2014-07-30 00:19:41,2014-07-30 00:22:28,NA,NA,NA,NA,NA,NA,NA,NA,NA,NA,2.78333333333333
"Whitehills","Whitehills-1","MG",2014-07-30,11.5,NA,NA,3,100,0.2,"Turbine(s) spinning",2014-07-30 00:22:28,2014-07-30 00:25:34,NA,NA,NA,NA,NA,NA,NA,NA,NA,NA,3.1
"Whitehills","Whitehills-1","MG",2014-07-30,11.5,NA,NA,3,200,0.4,"Turbine(s) spinning",2014-07-30 00:25:34,2014-07-30 00:29:24,NA,NA,NA,NA,NA,NA,NA,NA,NA,NA,3.83333333333333
"Whitehills","Whitehills-1","MG",2014-07-30,11.5,NA,NA,3,300,2.2,"Turbine(s) spinning",2014-07-30 00:29:24,2014-07-30 00:31:54,NA,NA,NA,NA,NA,NA,NA,NA,NA,NA,2.5
"Whitehills","Whitehills-1","MG",2014-07-30,11.5,NA,NA,3,400,2.4,"Turbine(s) spinning",2014-07-30 00:31:54,2014-07-30 00:34:56,NA,NA,NA,NA,NA,NA,NA,NA,NA,NA,3.03333333333333
"Whitehills","Whitehills-1","MG",2014-07-30,11.5,NA,NA,3,500,0.6,"Turbine(s) spinning",2014-07-30 00:34:56,2014-07-30 00:38:46,NA,NA,NA,NA,NA,NA,NA,NA,NA,NA,3.83333333333333
"Whitehills","Whitehills-1","MG",2014-07-30,11.5,NA,NA,4,0,0.7,"Turbine(s) spinning",2014-07-30 00:44:24,2014-07-30 00:47:12,NA,NA,NA,NA,NA,NA,NA,NA,NA,NA,2.8
"Whitehills","Whitehills-1","MG",2014-07-30,11.5,NA,NA,4,100,1.7,"Turbine(s) spinning",2014-07-30 00:47:12,2014-07-30 00:50:04,NA,NA,NA,NA,NA,NA,NA,NA,NA,NA,2.86666666666667
"Whitehills","Whitehills-1","MG",2014-07-30,11.5,NA,NA,4,200,1.9,"Turbine(s) spinning",2014-07-30 00:50:04,2014-07-30 00:54:12,NA,NA,NA,NA,NA,NA,NA,NA,NA,NA,4.13333333333333
"Whitehills","Whitehills-1","MG",2014-07-30,11.5,NA,NA,4,300,0.4,"Turbine(s) spinning",2014-07-30 00:54:12,2014-07-30 00:57:20,NA,NA,NA,NA,NA,NA,NA,NA,NA,NA,3.13333333333333
"Whitehills","Whitehills-1","MG",2014-07-30,11.5,NA,NA,4,400,1.3,"Turbine(s) spinning",2014-07-30 00:57:20,2014-07-30 01:00:42,NA,NA,NA,NA,NA,NA,NA,NA,NA,NA,3.36666666666667
"Whitehills","Whitehills-1","MG",2014-07-30,11.5,NA,NA,4,500,2.3,"Turbine(s) spinning",2014-07-30 01:00:42,2014-07-30 01:04:50,NA,NA,NA,NA,NA,NA,NA,NA,NA,NA,4.13333333333333
"Whitehills","Whitehills-2","MG",2014-09-01,9.5,NA,NA,1,0,0,"Turbine(s) spinning",2014-09-01 21:45:41,2014-09-01 21:48:40,NA,NA,NA,NA,NA,NA,NA,NA,NA,NA,2.98333333333333
"Whitehills","Whitehills-2","MG",2014-09-01,9.5,NA,NA,1,100,0,"Turbine(s) spinning",2014-09-01 21:48:40,2014-09-01 21:52:00,NA,NA,NA,NA,NA,NA,NA,NA,NA,NA,3.33333333333333
"Whitehills","Whitehills-2","MG",2014-09-01,9.5,NA,NA,1,200,0,"Turbine(s) spinning",2014-09-01 21:52:00,2014-09-01 21:55:25,NA,NA,NA,NA,NA,NA,NA,NA,NA,NA,3.41666666666667
"Whitehills","Whitehills-2","MG",2014-09-01,9.5,NA,NA,1,300,0,"Turbine(s) spinning",2014-09-01 21:55:25,2014-09-01 21:58:04,NA,NA,NA,NA,NA,NA,NA,NA,NA,NA,2.65
"Whitehills","Whitehills-2","MG",2014-09-01,9.5,NA,NA,1,400,0,"Turbine(s) spinning",2014-09-01 21:58:04,2014-09-01 22:00:39,NA,NA,NA,NA,NA,NA,NA,NA,NA,NA,2.58333333333333
"Whitehills","Whitehills-2","MG",2014-09-01,9.5,NA,NA,1,500,0,"Turbine(s) spinning",2014-09-01 22:00:39,2014-09-01 22:04:04,NA,NA,NA,NA,NA,NA,NA,NA,NA,NA,3.41666666666667
"Whitehills","Whitehills-2","MG",2014-09-01,9.5,NA,NA,2,0,0,"Turbine(s) spinning",2014-09-01 21:26:35,2014-09-01 21:30:32,NA,NA,NA,NA,NA,NA,NA,NA,NA,NA,3.95
"Whitehills","Whitehills-2","MG",2014-09-01,9.5,NA,NA,2,100,0,"Turbine(s) spinning",2014-09-01 21:30:32,2014-09-01 21:34:00,NA,NA,NA,NA,NA,NA,NA,NA,NA,NA,3.46666666666667
"Whitehills","Whitehills-2","MG",2014-09-01,9.5,NA,NA,2,200,0,"Turbine(s) spinning",2014-09-01 21:34:00,2014-09-01 21:36:38,NA,NA,NA,NA,NA,NA,NA,NA,NA,NA,2.63333333333333
"Whitehills","Whitehills-2","MG",2014-09-01,9.5,NA,NA,2,300,0,"Turbine(s) spinning",2014-09-01 21:36:38,2014-09-01 21:40:35,NA,NA,NA,NA,NA,NA,NA,NA,NA,NA,3.95
"Whitehills","Whitehills-2","MG",2014-09-01,9.5,NA,NA,3,500,0,"Turbine(s) spinning",2014-09-01 21:10:00,2014-09-01 21:12:40,NA,NA,NA,NA,NA,NA,NA,NA,NA,NA,2.66666666666667
"Whitehills","Whitehills-2","MG",2014-09-01,9.5,NA,NA,3,400,0,"Turbine(s) spinning",2014-09-01 21:12:40,2014-09-01 21:15:29,NA,NA,NA,NA,NA,NA,NA,NA,NA,NA,2.81666666666667
"Whitehills","Whitehills-2","MG",2014-09-01,9.5,NA,NA,3,300,0,"Turbine(s) spinning",2014-09-01 21:15:29,2014-09-01 21:19:11,NA,NA,NA,NA,NA,NA,NA,NA,NA,NA,3.7
"Whitehills","Whitehills-2","MG",2014-09-01,9.5,NA,NA,3,200,0,"Turbine(s) spinning",2014-09-01 21:19:11,2014-09-01 21:22:13,NA,NA,NA,NA,NA,NA,NA,NA,NA,NA,3.03333333333333
"Whitehills","Whitehills-2","MG",2014-09-01,9.5,NA,NA,3,100,0,"Turbine(s) spinning",2014-09-01 21:22:13,2014-09-01 21:25:30,NA,NA,NA,NA,NA,NA,NA,NA,NA,NA,3.28333333333333
"Whitehills","Whitehills-2","MG",2014-09-01,9.5,NA,NA,3,0,0,"Turbine(s) spinning",2014-09-01 21:25:30,2014-09-01 21:29:12,NA,NA,NA,NA,NA,NA,NA,NA,NA,NA,3.7
"Whitehills","Whitehills-2","MG",2014-09-01,9.5,NA,NA,4,0,0,"Turbine(s) spinning",2014-09-01 20:37:42,2014-09-01 20:41:32,NA,NA,NA,NA,NA,NA,NA,NA,NA,NA,3.83333333333333
"Whitehills","Whitehills-2","MG",2014-09-01,9.5,NA,NA,4,100,0,"Turbine(s) spinning",2014-09-01 20:41:32,2014-09-01 20:44:08,NA,NA,NA,NA,NA,NA,NA,NA,NA,NA,2.6
"Whitehills","Whitehills-2","MG",2014-09-01,9.5,NA,NA,4,200,0,"Turbine(s) spinning",2014-09-01 20:44:08,2014-09-01 20:48:50,NA,NA,NA,NA,NA,NA,NA,NA,NA,NA,4.7
"Whitehills","Whitehills-2","MG",2014-09-01,9.5,NA,NA,4,300,0,"Turbine(s) spinning",2014-09-01 20:48:50,2014-09-01 20:51:23,NA,NA,NA,NA,NA,NA,NA,NA,NA,NA,2.55
"Whitehills","Whitehills-2","MG",2014-09-01,9.5,NA,NA,4,400,2.4,"Turbine(s) spinning",2014-09-01 20:51:23,2014-09-01 20:54:10,NA,NA,NA,NA,NA,NA,NA,NA,NA,NA,2.78333333333333
"Whitehills","Whitehills-2","MG",2014-09-01,9.5,NA,NA,4,500,1.2,"Turbine(s) spinning",2014-09-01 20:54:10,2014-09-01 20:58:52,NA,NA,NA,NA,NA,NA,NA,NA,NA,NA,4.7
